listing_id,host_id,occupancy,price,number_of_reviews,rating,accommodates,minimum_nights,bedrooms,bathrooms,beds,host_is_superhost,pro_host,entire_home,instant_bookable
1,988,4,146,41,4.7,5,2,2,1,3,0,0,1,0
2,5,90,100,7,5,6,30,2,2,4,0,1,1,0
3,1008,51,99,20,4.75,5,7,2,1,3,1,1,1,0
4,849,0,69,55,4.05,2,3,1,1,1,0,1,1,0
5,915,10,235,5,5,5,4,3,2,3,0,1,1,0
6,1015,90,250,20,4.65,7,20,2,2,5,0,1,1,0
7,171,56,199,10,4.9,6,15,4,2,6,0,1,1,0
8,796,90,119,25,4.25,4,2,1,1,2,0,1,1,0
9,447,71,275,45,4.65,10,2,4,3,7,0,0,1,0
10,949,90,160,20,4.95,5,10,1,1.5,1,0,1,1,0
11,967,86,321,70,4.85,4,3,2,2,4,1,0,1,1
12,110,0,78,9,4.9,2,7,1,1,1,1,1,1,0
13,443,4,84,153,4.85,4,3,2,1,2,0,1,1,0
14,771,35,70,2,5,3,2,1,1,2,0,0,1,0
15,224,90,139,100,4.75,4,3,2,2,2,1,1,1,0
16,689,1,50,15,5,2,2,1,1,1,0,0,0,0
17,182,66,45,47,4.95,1,180,1,1,1,1,1,0,0
18,317,0,390,3,2,6,7,3,3,0,0,1,1,0
19,231,0,47,108,4.8,2,3,1,1,1,0,1,1,0
20,615,1,90,3,5,2,2,1,1.5,1,0,1,0,0
21,26,1,250,8,5,6,3,3,1.5,4,0,1,1,0
22,447,90,289,30,4.65,6,7,1,1,3,1,1,1,0
23,1146,90,149,4,4.5,2,3,1,1,1,1,1,1,0
24,412,82,125,20,4.8,2,7,1,1,1,1,1,1,0
25,957,7,125,11,5,4,90,1,1,3,0,0,1,0
26,644,34,128,41,4.8,3,2,1,1,1,1,1,1,0
27,157,31,75,15,5,2,7,1,1,1,1,1,1,0
28,749,0,239,1,5,6,5,2,2,3,0,1,1,0
29,392,67,385,2,4,6,7,3,3,3,0,0,1,0
30,1062,29,121,92,4.75,4,2,1,1,2,1,0,1,1
31,651,0,85,1,5,4,360,2,2,3,0,0,1,0
32,707,14,99,57,4.9,3,3,1,1,1,1,0,1,0
33,992,3,250,25,4.55,7,16,2,2,5,0,1,1,0
34,347,16,80,141,4.7,2,3,1,1,1,0,1,1,0
35,455,90,27,42,5,1,180,1,1,1,1,1,0,0
36,342,30,55,38,5,2,2,1,1,1,1,1,0,0
37,319,89,347,22,4.7,8,3,2,2,4,1,1,1,0
38,1064,89,229,20,4.45,6,6,1,1,3,1,1,1,0
39,67,18,51,52,4.05,2,28,1,1,1,0,1,1,0
40,376,0,165,9,4.4,4,3,1,1.5,1,0,0,1,1
41,149,28,185,45,4.6,4,3,2,2,2,1,0,1,0
42,181,90,208,19,4.6,6,7,1,1,1,1,1,1,0
43,1106,90,347,29,4.75,8,6,2,2,4,1,1,1,0
44,218,90,550,210,4.85,4,15,2,2,2,0,0,1,0
45,83,40,526,176,4.85,10,3,5,5,6,1,1,1,1
46,412,6,135,13,4.9,2,1,1,1,2,0,0,0,0
47,266,57,360,34,4.8,6,3,3,2,3,1,0,1,0
48,78,19,108,18,4.3,4,5,2,2,3,1,1,1,0
49,75,42,263,5,5,10,4,4,2,5,0,0,1,0
50,992,90,55,99,4.45,2,4,1,1,1,1,1,1,0
51,435,45,114,51,4.5,8,2,2,2,5,0,0,1,0
52,509,0,80,18,4.7,3,7,1,1,2,1,1,1,0
53,641,11,100,122,4.5,4,1,2,2,2,0,1,1,0
54,742,84,82,60,4.5,4,7,2,1,3,0,1,1,0
55,443,0,153,3,5,7,5,2,2,4,0,1,1,0
56,1147,90,48,21,4.45,2,1,1,1,1,0,1,0,0
57,122,0,300,17,4.9,7,7,3,2,4,1,1,1,0
58,800,90,49,14,4.65,2,1,1,1,1,0,1,0,0
59,218,44,126,40,4.8,4,2,1,1,1,1,1,1,0
60,840,90,148,109,4.7,7,1,3,2,3,1,0,1,0
61,151,0,117,77,4.95,2,1,1,1.5,1,1,1,0,0
62,1026,0,117,49,4.85,2,1,1,1.5,1,1,1,0,0
63,317,90,80,69,4.4,4,5,1,1,2,0,1,1,0
64,455,32,73,62,4.2,4,5,1,1,2,0,1,1,0
65,1002,40,54,95,4.3,3,10,1,1,2,0,1,1,1
66,430,45,116,143,4.85,4,3,1,1,3,1,0,1,1
67,999,1,632,33,4.95,6,1,3,1,3,1,1,1,0
68,632,0,150,84,4.9,2,1,1,1,1,1,1,0,0
69,990,0,150,51,4.95,2,1,1,1,1,1,1,0,0
70,141,0,70,118,4.8,2,2,1,1,1,1,1,0,0
71,545,57,150,172,4.85,7,4,2,2,3,1,0,1,0
72,204,24,215,145,4.8,8,2,4,2,6,1,1,1,1
73,794,90,85,2,3,4,29,1,1.5,4,0,0,1,0
74,899,35,90,67,4.75,5,4,2,2,4,0,1,1,0
75,1023,6,125,50,4.7,4,3,2,2,8,0,1,1,0
76,528,1,100,28,4.55,3,30,1,1,2,0,0,1,0
77,432,0,54,126,4.8,2,3,1,1,1,0,1,1,0
78,639,22,166,4,5,4,1,1,1,2,0,0,1,0
79,992,36,100,30,4.75,6,7,2,2,5,1,1,1,0
80,258,25,107,45,4.85,4,4,1,1,3,0,1,1,1
81,64,4,130,76,4.85,2,6,1,1,1,1,0,1,0
82,645,13,74,52,4.1,5,1,1,1.5,2,0,1,1,1
83,1008,90,115,41,4.95,4,3,1,1.5,3,0,0,1,0
84,1054,54,350,13,4.9,6,3,2,2,2,0,0,1,0
85,1140,78,56,25,4.75,3,30,2,1,2,1,1,1,0
86,729,60,190,72,4.75,10,3,4,2.5,6,0,0,1,0
87,39,37,425,1,0,6,7,3,3.5,8,0,0,1,0
88,98,17,100,16,4.65,4,2,1,1,2,0,1,1,0
89,677,83,69,67,4.85,2,3,1,1,1,0,0,1,0
90,75,18,54,15,4.95,2,20,1,1.5,2,1,1,0,0
91,947,25,95,51,4.75,2,7,1,1,1,0,0,1,0
92,1098,60,90,30,4.5,4,7,2,2,2,1,1,1,0
93,561,34,279,93,4.8,9,3,3,2,4,0,0,1,0
94,185,90,125,31,4.85,4,21,2,2,3,0,1,1,0
95,577,90,229,21,4.5,6,2,3,3,3,0,1,1,0
96,169,66,450,4,5,8,3,3,2,8,0,0,1,0
97,177,0,399,6,4.8,8,6,3,2,6,0,1,1,0
98,652,4,428,14,4.15,8,2,4,3,6,0,1,1,0
99,595,7,56,421,4.9,3,1,1,1,2,1,1,1,0
100,1063,31,79,31,4.7,2,5,1,1.5,1,0,0,0,0
101,939,7,286,7,4.65,8,4,3,2,5,0,0,1,0
102,1030,53,260,27,4.95,8,6,3,2,5,0,0,1,0
103,843,59,514,33,4.8,4,2,2,2,4,1,1,1,0
104,1109,0,167,18,4.9,2,30,1,1,1,0,1,1,0
105,1098,6,101,72,4.7,2,3,1,1,1,0,1,1,0
106,90,61,206,29,4.85,8,3,3,2,4,0,0,1,0
107,646,50,100,23,4.5,4,2,1,1,2,0,1,1,0
108,79,61,71,4,4.65,4,60,2,2,2,0,0,1,0
109,913,0,118,44,4.55,4,3,1,1,1,0,1,1,0
110,1047,44,81,330,4.85,4,2,1,1,1,1,1,1,0
111,112,10,69,83,4.65,2,3,1,1,1,0,1,1,0
112,813,10,65,13,4.85,2,30,1,1,1,1,1,0,0
113,925,0,49,29,4.85,1,3,1,2,1,1,1,0,0
114,738,90,40,16,4.65,2,30,1,1,1,1,1,0,0
115,260,0,70,15,4.8,2,30,1,1,1,1,1,0,0
116,593,23,175,63,4.65,4,4,2,1,2,0,1,1,0
117,258,2,45,10,5,1,1,1,1.5,1,0,0,0,0
118,35,25,60,21,4.75,2,30,1,1,1,1,1,0,0
119,671,37,77,3,3.35,6,60,2,1,2,0,1,1,0
120,528,85,105,10,4.5,4,3,1,1,2,0,1,1,0
121,198,86,85,45,4.8,4,31,2,1,3,0,0,1,0
122,986,4,59,46,4.9,2,1,1,2.5,1,0,1,0,0
123,939,24,129,37,4.4,4,4,2,1,2,0,1,0,0
124,844,17,84,46,4.2,4,4,1,1,2,0,1,0,0
125,442,50,213,62,4.3,12,4,4,2,6,0,1,1,0
126,863,25,45,59,4.9,2,2,1,1,1,1,1,0,0
127,779,26,290,59,4.7,10,5,4,2,4,1,1,1,0
128,350,46,33,19,4.8,1,7,1,1.5,1,0,0,0,0
129,75,8,109,18,4.5,4,2,2,1.5,3,0,0,1,0
130,78,31,89,56,4.8,2,2,1,1,1,1,0,0,0
131,368,45,100,65,5,4,2,1,1,2,1,0,1,0
132,82,90,128,16,4.95,2,1,2,2,2,0,1,1,0
133,138,49,78,416,4.85,2,1,1,1,1,1,1,1,1
134,83,2,75,5,4.8,2,30,1,1,1,0,1,1,0
135,992,90,36,30,4.5,1,30,1,1,1,1,1,0,0
136,246,32,193,117,4.9,6,4,2,1,2,1,0,1,1
137,480,6,53,10,4.7,2,3,1,2,1,1,1,0,0
138,530,90,109,87,4.7,4,1,1,1,2,0,1,1,1
139,1048,1,151,25,4.5,6,3,2,2,4,0,1,1,0
140,550,66,76,21,4.9,2,1,1,0,1,0,0,0,0
141,577,46,149,18,5,3,4,1,1,1,1,1,1,1
142,321,16,219,61,4.6,6,2,2,2,2,0,1,1,0
143,612,9,79,10,4.8,2,5,1,1,1,0,0,1,0
144,728,24,104,49,4.55,2,2,1,1,1,0,1,0,0
145,252,0,61,117,4.35,2,5,1,1,1,0,1,1,0
146,271,0,60,4,3.5,4,1,1,2,2,0,0,0,0
147,164,0,395,2,3,7,14,3,2,4,0,1,1,0
148,280,81,114,24,4.5,5,21,2,1,4,0,1,1,0
149,362,20,249,2,4,6,3,3,2.5,0,0,1,1,1
150,429,27,268,4,0,8,3,4,3.5,4,0,0,1,0
151,554,63,323,94,4.9,10,2,4,2,7,1,1,1,0
152,376,6,90,37,4.7,6,30,2,1.5,3,0,1,1,0
153,1048,54,68,18,4.8,2,9,1,1.5,1,0,1,1,0
154,147,12,928,22,4.6,16,3,7,5,10,1,1,1,1
155,947,1,146,2,4,3,30,1,1,1,0,1,1,0
156,929,0,155,53,5,2,90,1,1,3,1,0,1,0
157,1004,0,85,8,4.3,4,30,2,2,3,0,1,1,0
158,272,7,100,12,4.8,4,120,2,2,2,0,1,1,0
159,1008,54,57,283,4.75,3,3,1,1,1,1,1,1,0
160,590,15,375,111,4.9,8,3,3,2,3,1,1,1,0
161,944,41,98,66,4.9,4,28,1,1,2,1,1,1,1
162,182,45,212,18,4.6,4,4,2,2,3,1,1,1,0
163,332,5,89,11,4.75,6,7,3,2,3,1,1,1,0
164,117,54,150,12,4.75,8,5,2,2,5,0,1,1,0
165,384,0,63,98,4.6,2,5,1,1,1,0,1,1,0
166,1139,49,102,9,4.15,5,25,2,2,3,0,1,1,0
167,573,1,130,13,4.45,2,7,1,1,2,0,1,1,0
168,47,89,110,18,4.7,6,4,1,1,3,1,1,1,0
169,261,23,140,35,4.65,4,4,1,2,4,0,1,1,0
170,67,18,84,93,4.95,4,1,2,1,4,1,1,1,0
171,191,10,45,52,4.9,2,4,1,1,1,1,0,0,0
172,946,74,137,36,4.55,2,1,1,1,1,0,1,1,1
173,931,75,120,15,4.4,4,4,1,1.5,2,0,1,1,0
174,274,84,158,33,4.65,4,28,1,1,1,0,1,0,1
175,217,84,159,13,4.5,2,28,1,1,1,0,1,0,1
176,235,79,115,66,4.85,4,1,2,2,3,1,0,1,0
177,180,28,35,36,4.95,1,2,1,1,1,1,1,0,0
178,360,6,122,32,4.7,4,2,1,1,1,1,1,1,0
179,964,64,160,42,4.95,4,2,2,1,2,1,1,1,0
180,232,0,150,1,4,4,90,2,2,2,0,1,1,0
181,612,88,125,86,4.8,8,5,3,2,4,1,0,1,0
182,1056,90,371,6,5,8,3,3,3,4,0,1,1,0
183,550,46,395,3,4.65,6,14,3,2,3,0,1,1,0
184,75,77,142,52,4.75,4,1,1,1,2,0,1,1,1
185,377,66,375,36,4.9,8,3,4,4.5,4,1,0,1,0
186,883,13,250,74,4.8,7,3,3,4.5,6,0,0,1,0
187,314,27,45,473,4.85,2,1,1,1,1,1,1,0,1
188,154,70,153,55,4.25,4,28,1,1,0,0,1,1,1
189,333,90,150,6,5,6,90,3,3.5,4,1,1,1,1
190,888,59,80,35,4.9,4,5,1,2,1,1,1,1,1
191,844,10,112,129,4.55,4,4,1,1,3,0,0,1,1
192,916,32,106,13,4.6,4,3,1,1,2,0,1,1,0
193,1113,26,93,20,4.6,4,3,1,1,1,0,1,0,0
194,1021,72,86,97,4.65,6,4,2,2,3,0,1,1,0
195,306,44,112,25,4.8,4,2,1,1,2,0,1,1,0
196,61,39,76,28,4.8,2,4,1,1,1,0,0,1,1
197,611,0,264,8,4.15,2,3,1,1,1,0,1,0,0
198,146,90,54,77,4.35,1,1,1,1,1,0,1,0,0
199,803,0,90,2,0,3,30,1,1.5,0,0,0,1,0
200,317,34,130,5,5,4,3,1,1,2,0,1,1,0
201,561,90,349,4,5,8,6,2,2,2,1,1,1,0
202,755,76,100,11,4.2,5,6,1,1.5,4,0,1,1,0
203,986,1,150,10,4.3,5,5,2,1.5,5,0,1,1,0
204,721,1,84,67,4.5,2,3,1,1,0,0,1,1,0
205,340,86,99,3,4.35,5,60,2,2,3,0,0,1,0
206,429,61,50,12,4.65,4,2,1,1,2,0,0,1,0
207,732,0,700,9,4.45,6,5,2,2.5,3,0,0,1,0
208,910,71,52,58,4.8,2,1,1,1,1,0,1,0,0
209,666,90,125,4,4.75,2,90,1,1,1,0,1,1,0
210,259,1,160,5,5,6,3,2,2,3,0,1,1,0
211,298,0,50,5,3.2,2,30,1,1,1,0,0,0,0
212,30,88,105,59,4.7,6,10,3,2,3,0,0,1,1
213,925,67,557,32,4.7,12,7,5,3,7,0,1,1,0
214,529,39,91,13,4.45,6,14,2,2,4,1,1,1,0
215,116,15,243,17,4.65,6,5,3,2,4,0,1,1,0
216,149,13,150,13,4.9,6,3,1,1,4,0,0,1,0
217,925,0,150,7,4.55,6,180,2,2,3,0,1,1,0
218,947,90,59,540,4.6,2,1,1,1,1,0,1,0,1
219,676,27,435,28,4.95,6,2,3,2.5,5,0,0,1,0
220,129,41,70,26,4.3,3,2,1,1,2,0,1,0,0
221,75,0,74,22,4.25,2,3,1,1,1,0,1,0,0
222,521,90,59,518,4.5,2,1,1,1,1,0,1,0,1
223,403,7,225,12,4.75,7,23,2,2,5,0,1,1,0
224,385,68,414,7,4.55,10,3,4,2,5,0,1,1,0
225,385,16,177,58,4.75,8,2,4,2,4,1,0,1,0
226,239,90,125,7,4.7,4,2,1,1,2,0,1,1,0
227,18,72,148,24,4.85,4,1,1,1,2,0,1,1,1
228,129,90,80,26,4.9,5,80,2,2,3,0,0,1,1
229,729,1,64,117,4.95,2,4,1,1,1,1,0,1,0
230,682,11,159,5,5,3,1,1,1,1,0,1,1,0
231,935,0,189,11,4.9,3,1,1,1,2,0,1,1,0
232,423,31,135,43,4.8,7,5,4,2,4,1,0,1,0
233,12,26,82,24,5,3,2,1,1,1,0,1,1,0
234,177,46,155,83,4.9,3,3,2,1,2,1,1,1,0
235,313,90,39,9,4.35,2,1,1,1,1,0,1,0,0
236,246,42,40,212,4.85,1,1,1,1,1,1,1,0,1
237,63,39,60,17,4.8,2,30,1,1,1,0,1,0,1
238,1026,28,89,69,4.8,4,5,1,1,1,1,1,1,0
239,106,42,91,160,4.7,8,1,3,3,5,0,1,1,1
240,430,35,75,97,4.95,2,2,1,1,1,1,1,1,0
241,488,68,90,115,4.8,4,4,1,1,2,0,1,1,0
242,527,7,90,2,5,4,120,1,1.5,1,0,0,1,0
243,554,51,380,32,4.9,9,6,4,3.5,5,1,0,1,0
244,1129,21,400,76,4.85,12,3,4,4.5,6,0,0,1,0
245,11,1,289,3,4.65,8,5,3,3,5,0,1,1,0
246,1100,0,175,2,1.5,4,14,2,2,2,0,1,1,0
247,213,0,130,1,4,2,7,1,1,1,0,1,1,0
248,71,70,69,78,4.55,6,2,2,1.5,5,1,1,1,1
249,806,62,170,93,4.7,6,2,3,2,3,1,1,1,1
250,879,1,70,91,4.75,4,1,1,1,2,1,0,0,0
251,38,90,49,462,4.9,1,1,1,1,1,1,1,0,1
252,204,55,65,8,4.5,4,28,1,1.5,2,0,0,1,1
253,270,34,242,17,4.95,8,5,3,3,5,1,1,1,0
254,208,0,148,4,4.75,7,5,2,2,5,0,1,1,0
255,455,0,55,67,4.9,2,2,1,1,2,0,1,0,0
256,1103,71,67,57,4.55,2,1,1,1,1,0,1,0,0
257,419,36,59,415,4.85,2,1,1,0,0,1,0,0,0
258,948,90,60,554,4.85,2,1,1,1,1,1,0,0,0
259,44,0,150,2,5,6,7,2,2,4,0,1,1,0
260,925,90,80,12,4.9,5,7,2,1,3,1,1,1,0
261,992,71,250,34,5,8,7,3,2.5,3,0,0,1,0
262,65,2,68,23,4.9,2,180,1,1,1,1,1,0,0
263,528,43,159,20,4.75,5,3,2,2,2,1,1,1,1
264,447,1,44,80,4.9,1,4,1,1,1,0,1,0,0
265,120,71,154,7,4.5,4,1,1,1,2,0,1,0,0
266,258,48,89,44,4.7,4,5,1,1,2,1,1,1,0
267,524,16,146,33,4.65,10,1,3,3,3,0,0,1,0
268,424,4,99,8,4.65,8,14,3,2,6,1,1,1,0
269,895,14,175,10,4.65,6,7,3,2,3,0,1,1,0
270,791,9,86,177,4.9,2,1,1,1,2,1,0,1,1
271,38,12,139,134,4.9,4,4,1,1,2,0,1,1,0
272,1140,43,183,70,4.45,8,4,4,2.5,6,0,1,1,0
273,178,0,60,57,4.55,2,3,1,1,1,0,1,1,0
274,549,85,150,1,0,4,90,2,2,2,0,0,1,0
275,34,38,30,31,4.9,1,30,1,1,1,1,1,0,0
276,823,19,914,47,4.65,10,2,6,5,9,0,1,1,0
277,742,7,49,49,4.6,2,1,1,1,1,0,1,0,1
278,545,55,63,17,4.9,1,15,1,1,0,0,1,1,0
279,67,16,113,262,4.85,4,3,1,1,2,0,0,1,0
280,129,90,50,8,5,2,30,1,1,1,0,1,0,0
281,401,90,79,30,4.4,5,89,2,2,3,0,0,1,0
282,336,32,54,279,4.9,2,2,1,1,1,1,0,0,0
283,27,90,120,17,5,5,30,3,2,3,0,0,1,0
284,128,61,325,18,4.85,10,3,4,2.5,5,1,1,1,0
285,835,56,70,318,4.65,3,1,1,1,2,0,1,1,1
286,742,64,53,55,4.7,2,1,1,1,1,0,1,0,1
287,502,90,19,99,4.85,2,1,1,1,1,0,1,0,0
288,870,87,20,97,4.85,2,1,1,1,1,0,1,0,0
289,1000,87,23,76,4.8,2,1,1,1,1,0,1,0,1
290,271,90,260,58,4.9,8,4,4,3,4,1,1,1,0
291,1131,90,129,108,4.85,3,2,1,1,2,1,1,1,0
292,190,1,221,21,4.9,4,2,2,1,2,1,1,1,0
293,571,0,37,9,5,2,1,1,1,1,0,0,0,0
294,810,29,79,119,4.85,2,1,1,1,1,1,0,0,1
295,50,0,74,6,4.65,4,2,1,1,2,0,1,0,0
296,1135,10,82,364,4.85,6,1,2,1,3,1,1,1,1
297,658,2,50,27,4.85,1,3,1,1,1,0,1,0,0
298,842,49,165,107,4.75,8,3,3,2,3,1,0,1,0
299,244,0,135,14,4.15,4,1,1,1,2,0,1,0,0
300,60,66,106,27,4.75,5,29,2,2,2,1,1,1,0
301,505,26,150,41,4.95,6,3,3,2.5,4,1,1,1,0
302,1115,1,160,11,4.1,6,3,2,2,3,0,1,1,0
303,888,0,175,4,4.5,4,5,1,1.5,2,0,1,1,0
304,242,35,114,57,4.75,4,3,2,1,2,0,1,1,0
305,23,43,545,87,4.95,6,3,3,3.5,3,1,0,1,1
306,825,11,195,14,4.25,6,5,2,2,3,0,1,1,1
307,1045,22,295,47,4.9,10,3,4,4.5,8,1,1,1,0
308,447,27,45,246,4.9,4,1,1,3,2,1,1,0,0
309,515,90,41,9,4.9,1,1,1,1,0,0,0,0,1
310,767,58,70,9,4.8,4,30,2,2.5,2,0,1,1,1
311,160,4,69,318,4.75,3,2,1,1,1,1,1,1,0
312,392,3,135,1,0,3,30,1,1,2,0,0,1,0
313,404,1,108,18,4.8,4,4,1,1,1,1,1,1,0
314,623,9,135,6,4.6,6,30,2,2,2,0,1,1,0
315,382,2,53,29,5,1,3,1,1,1,0,0,0,0
316,1057,90,70,5,5,3,7,1,1,2,1,1,1,0
317,980,89,590,198,4.8,2,1,1,1,2,1,1,1,0
318,1028,3,215,8,4.85,5,90,2,2,3,0,1,1,0
319,95,29,165,23,4.45,6,7,2,2,4,0,0,1,1
320,30,90,220,32,4.75,6,4,2,2,3,1,0,1,0
321,129,67,100,5,5,5,7,2,1,3,1,1,1,0
322,177,89,690,124,4.9,2,1,1,1,2,1,1,0,0
323,797,5,50,66,4.95,2,2,1,1,2,1,0,0,0
324,745,65,130,14,4.8,6,2,2,2,0,0,0,1,0
325,827,87,59,239,4.5,2,2,1,1,1,0,1,1,0
326,731,34,129,55,4.65,6,3,3,2,3,0,0,1,0
327,331,18,69,288,4.55,2,1,1,1,1,0,1,1,1
328,758,69,199,54,4.9,8,5,3,3.5,3,0,1,1,0
329,111,7,220,14,4.35,6,10,2,2,4,0,0,1,0
330,258,59,150,28,4.95,6,7,2,2,3,0,1,1,0
331,867,14,398,24,4.5,8,5,4,4,4,0,0,1,0
332,933,61,45,87,4.8,1,2,1,1,1,0,0,1,0
333,21,68,113,29,4.9,2,2,1,1,2,1,1,0,1
334,1059,90,55,76,4.75,2,3,1,1,0,0,1,1,0
335,70,83,110,7,4.45,3,3,1,1,1,0,1,1,0
336,648,39,83,12,4.35,5,3,1,1,4,0,1,1,1
337,926,23,99,12,5,4,3,1,1,3,0,1,1,0
338,955,90,89,45,4.8,3,3,1,1,1,1,0,1,0
339,795,50,35,35,4.95,2,2,1,1,1,1,1,0,1
340,1070,52,120,16,4.85,6,29,2,2,3,0,1,1,0
341,896,12,185,18,4.5,6,3,2,2,3,0,1,1,1
342,920,89,138,33,4.55,3,3,1,1,2,0,1,1,1
343,19,0,182,2,5,2,1,1,1,1,0,1,0,0
344,455,51,99,7,4.45,6,4,1,1,2,1,1,1,0
345,773,53,105,135,4.75,4,2,1,1,2,0,1,1,0
346,1146,63,79,245,4.9,2,3,1,1,1,1,1,1,0
347,430,90,63,50,4.65,2,30,1,1,1,0,1,1,0
348,959,19,126,8,5,4,2,1,1,2,1,1,1,0
349,895,24,1998,55,4.9,12,3,6,7,9,0,0,1,0
350,305,26,145,11,4.9,4,2,1,1,2,1,1,1,1
351,554,36,80,88,4.7,2,2,1,1,1,1,0,1,0
352,647,0,43,24,4.65,1,90,1,1,1,0,1,0,0
353,13,8,173,139,4.8,6,4,2,1.5,3,1,1,1,1
354,189,63,400,2,5,6,60,3,2,3,0,0,1,0
355,706,4,106,22,4.95,4,2,1,1,2,1,1,1,0
356,1110,33,108,43,5,4,2,1,1,1,1,1,1,0
357,258,15,213,28,5,6,2,2,2,2,1,1,1,0
358,644,80,39,36,4.9,1,1,1,1,1,0,0,0,0
359,22,89,108,233,4.9,4,1,2,2,4,1,1,1,0
360,38,2,180,2,0,6,29,2,2,4,0,0,1,0
361,117,2,62,309,4.85,3,1,1,1,1,1,1,1,0
362,899,0,200,6,4,2,2,1,1,1,0,0,0,0
363,554,41,160,12,5,2,4,1,1,1,0,0,1,0
364,459,30,96,7,4.85,4,4,1,1,2,0,1,1,1
365,696,54,99,24,4.7,6,4,1,1,2,1,1,1,0
366,1067,90,128,6,4.15,6,1,2,2,4,0,1,1,1
367,267,6,439,3,5,6,3,4,2.5,4,0,0,1,0
368,1124,90,121,8,3.4,6,1,2,1.5,4,0,1,1,1
369,1025,30,128,12,4,6,1,2,2,4,0,1,1,1
370,950,31,87,3,4.35,4,1,1,1,2,0,1,1,1
371,189,1,160,13,4.6,6,6,2,1.5,3,0,1,1,0
372,561,45,175,44,5,2,3,1,1,1,1,0,1,0
373,749,6,180,21,4.35,6,3,2,2,3,0,1,1,0
374,305,0,99,2,3.5,4,6,1,1.5,2,0,1,1,0
375,29,19,135,102,4.75,4,3,2,2,2,0,0,1,0
376,780,74,95,9,4.45,2,3,1,1,2,0,1,1,1
377,1077,32,165,45,4.9,6,4,3,2,3,1,1,1,0
378,298,56,160,14,4.55,6,4,2,1.5,3,1,1,1,0
379,37,55,43,22,4.7,1,90,1,1,1,0,1,0,0
380,311,0,150,40,4.85,2,1,1,1,1,0,1,1,0
381,1039,6,38,199,4.6,2,1,1,1,1,0,1,0,0
382,64,12,166,75,4.85,2,2,1,1,2,1,0,1,1
383,68,50,229,4,5,6,4,2,2,2,0,1,1,0
384,1049,1,135,8,4.9,4,3,2,2,3,0,0,1,0
385,133,30,115,2,5,6,60,2,1,4,0,0,1,0
386,971,55,150,9,5,6,4,2,1.5,3,1,1,1,0
387,264,24,170,1,4,6,2,2,2,3,1,1,1,0
388,251,19,133,2,4.5,4,2,1,1,2,1,1,1,0
389,913,90,110,90,4.7,2,3,1,1,2,0,1,1,0
390,259,89,55,331,4.85,2,1,1,1,2,1,1,0,0
391,546,85,115,19,4.7,4,14,2,2,2,1,0,1,0
392,193,70,129,6,4.5,4,5,1,1.5,1,1,1,1,1
393,418,0,75,18,4.55,2,1,1,1,1,1,1,0,1
394,170,0,75,27,4.85,2,1,1,1,1,1,1,0,1
395,1084,90,246,42,4.9,6,13,3,2,4,0,0,1,0
396,784,67,54,173,4.9,4,1,1,1,2,1,1,0,0
397,447,61,60,89,4.9,2,7,1,1,1,1,0,1,0
398,1117,3,80,4,4.75,2,3,1,1,2,0,0,0,0
399,293,89,5300,331,4.85,2,1,1,1,1,1,1,0,0
400,771,89,540,272,4.9,3,1,1,1,3,1,1,0,0
401,979,13,116,131,4.6,8,3,2,1,3,0,1,1,1
402,895,81,94,25,4.9,2,3,1,1,1,1,1,1,0
403,749,35,61,45,4.6,2,2,1,1,2,1,1,1,0
404,261,20,190,39,4.8,6,2,2,2,3,1,1,1,0
405,373,20,296,13,4.4,6,3,2,2,3,0,1,1,0
406,129,56,96,76,4.6,6,3,3,1,5,0,1,1,0
407,258,86,250,6,4.5,8,30,4,3,4,0,1,1,0
408,976,0,251,27,4.5,5,3,2,2,3,0,0,1,1
409,376,0,289,11,4.65,8,5,3,3,5,0,1,1,0
410,973,90,98,64,4.9,2,2,1,1,1,1,1,1,0
411,67,9,65,21,4.65,4,14,1,1,2,0,1,1,0
412,64,46,134,121,4.9,4,2,1,1,2,1,1,1,0
413,425,37,116,142,4.9,2,2,1,1,1,1,1,1,1
414,822,68,113,23,4.85,3,2,1,0,1,1,1,0,1
415,960,0,135,4,3.75,2,1,1,1.5,1,0,1,1,0
416,683,20,147,17,4,6,3,2,1.5,4,0,1,1,1
417,484,26,105,14,4.8,3,5,1,1,2,0,0,1,0
418,893,9,71,253,4.35,4,1,1,1,2,0,1,0,0
419,628,54,380,35,4.95,10,5,4,4,4,0,0,1,1
420,739,5,43,50,4.75,2,4,1,1,1,0,1,0,0
421,1144,0,159,4,4.25,6,7,2,2,3,0,1,1,0
422,553,7,450,2,0,8,7,2,2,3,0,1,1,0
423,1142,90,54,41,4.85,4,1,1,1,2,1,1,0,0
424,313,81,294,138,5,6,3,3,2,3,1,1,1,0
425,760,86,379,60,4.6,12,4,4,2.5,6,0,0,1,0
426,144,64,269,78,4.95,6,5,3,2,3,1,0,1,0
427,494,75,99,59,4.7,4,6,2,1,2,1,1,1,1
428,1084,25,999,50,4.8,10,3,5,3.5,8,0,1,1,1
429,182,75,102,14,4.85,3,7,1,1,1,0,1,1,0
430,258,60,139,89,4.75,6,3,3,2,4,1,0,1,0
431,903,45,75,247,4.95,2,2,1,1,1,1,0,0,1
432,1075,2,56,71,4.4,2,1,1,1,1,0,1,0,0
433,1100,64,122,23,4.85,6,20,2,2,2,0,1,1,0
434,1132,6,68,15,4.4,2,1,1,1,2,0,1,1,0
435,283,6,51,372,4.85,2,2,1,1,1,1,1,0,0
436,992,2,52,12,4.1,2,1,1,1,1,0,1,0,1
437,1040,4,56,35,4.45,2,1,1,1,1,0,1,0,0
438,176,19,105,19,4.45,5,6,1,1,4,0,1,1,0
439,177,4,52,112,4.45,2,1,1,1,1,0,1,0,0
440,261,2,52,20,4.65,2,1,1,1,1,0,1,0,0
441,392,2,66,105,4.5,2,1,1,1,1,0,1,0,0
442,737,2,52,15,4.55,2,1,1,1,1,0,1,0,1
443,632,2,52,72,4.65,2,1,1,1,1,0,1,0,1
444,1061,0,465,8,4.75,6,3,3,3,3,0,0,1,0
445,478,67,54,386,4.85,4,1,1,3,2,1,1,0,0
446,54,87,72,7,4.35,4,30,1,1,1,0,1,1,0
447,283,4,52,198,4.8,2,2,1,1,1,0,1,1,1
448,162,41,50,233,4.7,2,2,1,1,1,1,1,1,1
449,271,24,362,107,4.35,16,2,5,3,6,0,1,1,0
450,236,0,99,5,5,4,3,1,1,0,0,1,1,0
451,233,5,200,52,4.95,2,2,1,1,1,0,1,0,0
452,371,51,100,4,4.25,4,1,1,1,2,0,1,1,1
453,274,32,165,1,5,3,3,1,1,2,0,0,1,0
454,310,68,87,1,0,4,1,1,1,2,0,1,1,1
455,1055,90,121,16,4.25,6,1,2,1.5,4,0,1,1,1
456,441,47,121,27,4.35,6,1,2,1.5,4,0,1,1,1
457,52,41,121,27,4.05,6,1,2,1.5,3,0,1,1,1
458,503,66,239,9,4.8,4,2,2,1,1,1,1,0,1
459,177,10,99,1,5,4,3,1,1,2,0,0,1,0
460,919,90,271,9,4.35,4,1,2,2,0,0,1,1,1
461,539,26,53,43,5,2,30,1,1,2,1,0,0,0
462,708,0,290,4,4,6,180,3,3,4,0,0,1,0
463,446,13,95,7,4.65,4,7,1,2,1,0,1,1,0
464,309,0,60,10,4.9,2,3,1,1.5,1,1,1,0,0
465,732,20,60,14,5,2,30,1,1,1,0,1,1,1
466,939,0,199,36,4.65,6,3,2,2,3,0,1,1,0
467,161,65,129,29,4.7,6,3,2,2,3,0,1,1,0
468,506,83,110,174,4.95,3,4,1,1,1,1,1,1,1
469,566,57,99,15,4.65,4,3,1,1,1,0,1,1,0
470,85,0,95,6,4.35,4,7,1,2,1,0,1,1,1
471,100,28,364,94,4.95,5,1,2,2,2,1,1,1,1
472,528,75,152,74,4.8,4,2,2,2,2,1,1,1,1
473,1010,8,53,7,4.7,2,30,1,1,1,0,1,1,0
474,429,37,150,7,4.55,6,4,2,1.5,3,1,1,1,0
475,271,54,109,3,4.65,6,30,2,2,3,0,0,1,0
476,1061,3,51,83,4.75,2,3,1,1,1,0,1,0,0
477,1086,56,511,14,4.8,8,4,3,3.5,3,1,1,1,0
478,66,34,27,12,4.85,4,5,2,2,0,0,0,1,0
479,823,33,180,37,4.85,2,2,1,1,1,0,1,0,0
480,563,28,35,27,4.9,2,30,1,2,1,0,1,0,0
481,429,1,55,45,4.9,2,1,2,1.5,0,1,1,0,0
482,776,1,55,27,4.95,2,1,1,1.5,1,1,1,0,0
483,844,73,32,68,4.85,2,3,1,1,1,0,0,0,0
484,433,54,139,27,4.65,5,2,2,1,3,0,0,1,0
485,122,36,89,122,4.9,2,3,1,1,1,1,1,1,0
486,324,0,244,29,4.1,7,1,2,2,2,0,1,1,0
487,334,15,463,29,4.4,6,2,2,2,4,0,1,0,0
488,358,0,119,114,4.5,6,3,2,2,3,0,0,1,1
489,396,6,35,26,4.95,2,1,1,1,1,1,1,0,0
490,953,7,171,22,4.65,6,3,2,1.5,3,0,1,1,0
491,70,29,115,16,4.75,5,4,1,1.5,2,0,1,1,1
492,94,5,39,11,5,1,5,1,1,1,0,1,0,0
493,94,28,90,216,4.8,4,2,1,1,1,1,1,1,0
494,78,8,55,231,4.85,2,2,1,1,1,1,0,1,0
495,59,0,138,52,4.3,4,1,1,1,2,0,1,0,1
496,529,0,79,12,4.65,4,1,1,1,2,0,1,0,0
497,699,31,92,27,4.8,6,10,1,1.5,3,1,1,1,0
498,894,47,134,115,4.65,9,2,3,3,3,0,1,1,1
499,315,16,175,2,5,6,7,2,2,4,0,1,1,0
500,741,20,129,48,4.75,4,5,1,1,1,0,1,1,0
501,913,27,139,22,5,2,2,1,1,1,1,1,1,0
502,435,36,300,46,4.85,8,3,4,2,4,1,0,1,0
503,375,0,65,156,4.9,2,3,1,1,0,1,1,1,0
504,540,3,56,238,4.75,2,2,1,1,1,1,1,1,1
505,457,67,285,25,4.95,7,2,2,2,4,0,1,1,0
506,400,47,296,16,4.95,7,3,2,2,4,0,1,1,0
507,715,7,54,69,4.65,2,3,1,1,1,0,1,1,0
508,191,0,249,1,4,4,10,2,2,2,0,1,1,0
509,23,0,112,14,4.95,3,5,1,1,2,0,1,1,0
510,528,1,58,90,4.35,2,3,1,1,1,0,1,1,0
511,771,89,35,202,4.65,1,1,1,1,1,0,1,0,0
512,490,38,200,91,4.95,5,6,1,2,2,1,1,1,0
513,592,32,150,14,4.75,6,4,2,2,4,1,1,1,0
514,978,50,113,44,4.95,4,3,1,2,2,1,1,1,1
515,1084,57,300,171,4.7,7,3,3,3,3,0,1,1,0
516,473,54,103,119,4.9,6,7,1,1.5,3,0,1,1,1
517,675,29,58,43,4.35,4,5,1,1.5,3,0,1,1,0
518,672,38,225,81,4.85,6,4,3,2,3,1,1,1,0
519,1143,28,135,3,4.35,5,3,1,1,1,0,0,1,1
520,447,75,186,74,4.8,8,3,4,2,4,1,0,1,0
521,392,63,196,21,4.95,6,4,2,2,3,1,1,1,1
522,1044,41,120,53,4.9,6,3,1,1,2,1,0,1,1
523,1127,0,66,61,4.85,2,1,1,1,1,0,1,0,0
524,1013,90,185,5,3.5,4,3,1,1,2,0,0,1,0
525,15,0,94,114,4.9,4,3,1,1,3,0,0,1,0
526,1026,19,176,7,4.7,6,2,2,2,3,1,1,1,0
527,584,10,58,292,4.95,4,1,1,1,2,1,0,1,1
528,989,89,31,21,5,1,7,1,1,1,1,1,0,1
529,913,74,140,1,5,4,7,1,1,1,0,1,1,1
530,826,22,450,38,4.65,8,2,3,2,5,0,1,1,0
531,725,23,401,63,4.45,10,2,4,2,6,0,1,1,0
532,129,34,789,5,5,10,4,5,3,9,1,1,1,0
533,203,31,139,55,5,2,2,1,1,1,1,1,1,0
534,471,5,220,46,4.5,6,3,2,2,3,0,0,1,0
535,713,8,75,58,4.85,1,3,1,1,1,1,0,1,0
536,566,67,54,36,4.7,2,1,1,1,1,1,0,0,0
537,515,49,100,96,5,4,4,2,2.5,3,1,1,1,0
538,961,54,180,15,4.95,5,5,2,2,2,0,0,1,0
539,343,19,138,6,5,4,2,1,1,1,1,1,1,0
540,518,1,150,93,4.7,3,3,1,1,2,0,1,0,0
541,1119,27,140,117,4.75,4,3,1,1,3,0,0,1,0
542,859,43,63,31,4.25,4,7,1,1,2,0,1,1,1
543,258,50,155,36,4.55,4,5,2,2,2,0,1,1,0
544,913,25,253,107,4.95,6,2,2,1.5,2,1,1,1,0
545,975,35,68,22,4.55,2,5,1,1,1,0,1,1,0
546,634,32,68,16,4.5,2,5,1,1,1,0,1,1,0
547,103,0,49,14,4.7,2,21,1,1,0,1,1,0,0
548,560,23,55,98,4.7,2,1,1,1,1,0,0,1,0
549,423,90,102,45,4.95,5,1,2,1,4,1,1,1,0
550,528,70,120,93,4.9,6,7,2,2,3,1,1,0,0
551,381,69,80,2,5,2,30,1,1,0,0,0,1,0
552,427,67,50,11,4.75,4,14,2,1,2,1,1,1,0
553,862,11,896,69,4.85,16,3,6,4,10,1,1,1,0
554,216,67,150,7,5,6,4,2,1.5,3,1,1,1,0
555,850,9,106,127,4.85,4,5,1,1,1,0,1,1,0
556,437,90,120,16,4.6,5,8,1,1.5,4,1,0,1,0
557,46,35,469,56,4.6,10,2,5,2.5,6,0,1,1,1
558,402,1,89,33,4.85,2,30,1,1,1,0,1,1,0
559,277,46,479,75,4.8,10,2,3,3,6,0,1,1,1
560,322,37,308,38,4.7,13,2,5,4,6,0,1,1,1
561,178,6,248,26,4.55,12,5,5,3,5,1,1,1,1
562,883,55,45,20,4.65,4,14,1,1,1,0,1,1,0
563,953,5,43,135,4.8,2,3,1,1,2,1,1,0,0
564,630,0,65,2,5,2,5,1,1,1,0,0,0,0
565,1152,2,285,1,5,6,4,3,2,3,0,1,1,0
566,769,58,358,34,4.4,8,2,3,2.5,4,0,1,1,1
567,776,18,90,8,4.5,2,5,1,1,1,0,1,1,0
568,789,0,148,24,4.5,4,3,1,1,2,0,0,1,0
569,1125,78,60,1,3,2,4,1,1,1,0,1,1,0
570,771,1,99,12,4.75,1,5,1,1,1,0,0,0,0
571,554,58,545,45,4.4,10,2,5,3,8,0,1,1,1
572,438,1,80,4,4.5,2,30,1,1,1,0,0,1,0
573,177,67,49,19,4.85,3,2,1,1,1,0,0,1,0
574,913,58,99,56,4.65,4,6,2,1,2,1,1,1,1
575,552,76,60,12,5,4,2,1,1,2,0,1,1,0
576,1132,89,399,22,4.95,6,6,3,3,4,1,1,1,0
577,355,72,468,42,5,7,3,3,3,4,1,0,1,0
578,429,0,80,12,4.75,2,2,1,1,1,0,0,0,0
579,749,16,68,95,4.8,2,1,1,1,1,1,1,1,1
580,588,45,94,99,4.85,4,2,1,1,2,1,1,0,1
581,528,48,88,95,4.85,4,2,1,2,2,1,1,1,1
582,775,1,130,12,4,5,8,2,2,5,0,0,1,0
583,865,44,275,69,4.6,14,1,5,2,8,1,1,1,0
584,994,59,112,109,4.9,2,2,1,1,0,1,1,1,0
585,149,11,78,102,4.75,4,1,1,1,2,1,1,0,1
586,528,78,110,25,4.9,4,2,1,1,1,1,1,1,0
587,550,90,85,6,5,2,5,1,1,1,0,1,1,0
588,1114,53,110,50,4.95,4,2,1,1,1,1,1,1,0
589,992,24,112,78,4.9,2,2,1,1,1,1,1,1,0
590,992,25,83,363,4.7,3,1,1,1,2,0,0,1,0
591,130,39,99,43,4.85,4,6,2,1,2,1,1,1,1
592,453,19,168,3,5,6,2,2,2,3,1,1,1,0
593,341,7,490,3,4.65,10,15,4,2,6,0,0,1,0
594,258,13,35,44,5,2,1,1,1,1,1,1,0,0
595,906,38,99,49,4.7,4,6,2,1,2,1,1,1,1
596,631,6,38,17,4.6,2,4,1,1,1,1,1,0,0
597,631,87,119,16,4.65,4,120,2,2,2,0,1,1,0
598,1123,0,188,59,4.7,4,4,2,1,2,1,1,1,0
599,919,53,140,40,4.95,6,3,3,2,4,1,1,1,0
600,148,0,57,74,4.55,2,1,1,1,1,0,1,0,0
601,182,19,103,12,4.55,2,7,1,1,2,0,1,1,0
602,716,75,60,11,4.9,1,2,1,1,1,1,1,0,0
603,40,24,230,76,4.9,6,1,2,2,3,1,1,1,0
604,207,0,165,8,4.7,2,3,1,1.5,1,0,1,1,0
605,345,13,76,141,4.55,3,2,1,1,1,0,1,1,0
606,820,44,125,1,5,1,2,1,1,2,1,1,1,0
607,1103,1,79,77,4.9,2,1,1,1,2,0,1,0,0
608,314,69,100,5,4.6,4,1,1,1,2,0,1,1,1
609,528,66,40,105,4.8,2,1,1,1.5,1,0,1,0,0
610,1041,73,86,84,4.95,2,2,1,1,1,1,1,1,1
611,947,19,119,6,5,4,2,1,1,2,1,1,1,0
612,1035,23,145,56,4.75,6,1,2,2,5,1,0,1,0
613,659,90,87,5,4.2,4,1,1,1,2,0,1,1,1
614,75,26,90,8,4,6,1,2,1.5,0,0,1,1,1
615,317,52,121,13,4.55,6,1,2,1.5,0,0,1,1,1
616,619,35,102,16,4.3,6,1,2,1.5,0,0,1,1,1
617,70,52,128,14,4.3,6,1,2,2,4,0,1,1,1
618,390,42,120,6,4.5,6,1,2,2,4,0,1,1,1
619,32,83,138,26,4.75,4,1,1,1,1,1,1,1,0
620,864,36,183,38,4.75,8,2,2,2,3,1,1,1,0
621,928,90,40,75,4.85,2,1,1,1,1,1,0,0,0
622,586,47,164,110,4.75,3,1,1,1,1,1,1,1,1
623,469,23,423,78,4.45,10,2,4,3,7,0,1,1,0
624,300,28,165,24,4.65,8,2,2,2,3,1,1,1,0
625,1084,66,88,24,4.5,2,1,1,1,1,0,1,0,0
626,612,69,65,7,3.35,2,1,1,1,1,0,0,0,1
627,386,43,995,146,4.9,16,3,8,8,8,1,1,1,1
628,447,18,2956,45,4.95,15,4,7,5.5,7,1,1,1,1
629,576,34,288,32,4.9,8,7,3,3,8,1,0,1,0
630,1027,0,59,1,5,1,1,1,2,1,1,0,0,0
631,537,11,249,7,4.8,4,1,1,1,2,0,0,1,0
632,1029,0,170,43,4,4,1,1,1,2,0,1,1,0
633,655,3,245,64,4.95,4,2,2,1,2,1,1,1,0
634,616,44,87,55,4.85,5,3,1,1,2,1,1,1,0
635,278,19,120,10,4.4,4,2,1,1,2,1,1,1,0
636,984,40,443,65,4.65,10,1,5,4,8,1,1,1,0
637,370,0,849,2,4,8,10,4,4.5,3,0,1,1,0
638,378,90,70,23,4.85,4,20,1,1,2,0,1,1,0
639,626,19,219,5,5,6,2,2,2,3,1,1,1,0
640,847,53,50,21,4.95,1,1,1,1,1,0,1,0,0
641,218,0,60,60,4.55,2,3,1,1,1,0,0,0,0
642,399,90,49,152,4.6,2,2,1,1,1,0,1,1,1
643,751,50,1450,3,5,8,7,4,4.5,6,0,0,1,1
644,479,0,150,1,5,5,153,2,1.5,3,0,1,1,0
645,919,80,45,43,4.65,1,2,1,1,1,1,1,0,0
646,1146,1,60,77,4.9,2,5,1,1,1,0,1,0,0
647,407,25,180,129,4.9,5,4,2,1,2,1,1,1,0
648,907,55,935,138,4.95,13,3,4,4,10,1,1,1,0
649,199,90,50,52,4.85,2,2,1,1,1,1,1,0,0
650,714,90,50,75,4.85,2,2,1,1,1,1,1,0,0
651,313,18,67,483,4.85,2,2,1,1,1,1,0,1,1
652,742,6,40,21,4.9,2,14,1,1,0,1,1,0,0
653,368,19,155,2,5,6,2,2,2,3,1,1,1,0
654,831,34,212,25,4.85,8,2,2,2,4,1,1,1,0
655,51,19,180,2,5,4,2,1,1,2,1,1,1,0
656,327,19,156,2,5,4,2,1,1,2,1,1,1,0
657,218,3,224,30,4.45,6,1,1,1,2,0,1,0,1
658,229,0,35,29,4.6,2,180,1,1,1,1,1,0,1
659,76,19,148,3,4.65,4,2,1,1,2,1,1,1,0
660,882,0,153,35,4.85,4,6,2,1,3,0,0,1,0
661,258,3,425,8,4.9,12,3,4,4,5,0,1,1,0
662,485,54,144,26,4.85,7,4,3,2,5,0,0,1,1
663,219,41,629,67,4.7,15,3,5,4,9,1,1,1,1
664,258,51,685,45,4.4,12,3,4,3,10,1,1,1,1
665,182,88,80,79,4.95,5,15,2,1,3,1,1,1,0
666,487,2,160,4,4.25,4,118,2,2,2,0,1,1,1
667,531,34,175,107,4.85,6,3,2,2,6,1,0,1,1
668,1141,29,500,9,4.75,6,5,3,3,5,0,1,1,0
669,332,26,81,7,3.8,2,4,1,1,1,0,1,1,0
670,1041,16,66,97,4.85,5,1,2,1,2,1,1,1,0
671,734,18,170,12,5,4,4,2,2,2,0,0,1,0
672,112,24,125,104,4.65,6,4,3,1,4,0,1,1,0
673,627,19,153,7,4.85,8,2,2,2,4,1,1,1,0
674,237,55,241,56,4.85,7,5,3,2,3,0,1,1,0
675,311,0,136,11,5,2,1,1,1,1,1,1,0,0
676,314,13,160,13,4.55,6,3,2,2,4,0,1,1,0
677,871,0,125,5,4.75,2,30,1,1.5,1,0,1,1,0
678,792,39,295,26,4.05,6,2,3,2.5,4,0,1,1,1
679,198,89,67,11,4.9,4,30,1,1.5,2,1,0,1,0
680,506,41,879,37,4.95,6,3,3,5,3,1,0,1,0
681,939,0,120,47,4.9,1,2,1,1,1,0,0,0,0
682,140,11,289,49,4.7,16,5,4,2,10,0,0,1,0
683,590,29,220,5,5,5,4,3,2,3,0,1,1,0
684,943,3,89,136,4.7,2,1,1,1,1,0,1,1,0
685,139,11,50,214,4.85,2,1,1,1,1,1,1,0,0
686,297,45,59,41,4.05,4,7,1,1,2,0,1,1,1
687,23,0,80,104,4.95,2,1,1,1,0,1,0,0,0
688,264,73,650,40,5,10,3,5,3.5,15,1,1,1,1
689,992,19,143,28,4.9,8,2,2,2,4,1,1,1,0
690,341,51,273,6,4.2,6,5,3,2,5,0,1,1,0
691,78,68,199,38,4.8,5,15,4,2,6,0,1,1,0
692,78,12,36,83,4.95,2,1,1,3,1,1,1,0,0
693,41,19,123,3,4.35,4,2,1,1,2,1,1,1,0
694,484,45,389,29,4.9,10,4,4,3,7,0,1,1,1
695,20,19,139,4,5,2,2,1,1,1,1,1,1,0
696,631,25,141,68,4.45,6,2,2,1.5,3,0,0,1,1
697,701,12,50,145,4.95,2,1,1,1,1,1,1,0,0
698,428,82,85,69,4.85,4,3,1,1,1,1,0,1,1
699,510,68,350,30,4.55,6,7,3,3,3,1,1,1,0
700,913,90,65,63,4.85,2,3,1,1,1,1,0,0,0
701,583,44,355,28,4.75,8,7,4,3,8,1,1,1,0
702,918,77,328,18,4.7,10,7,4,4.5,5,1,1,1,0
703,925,0,55,9,5,2,1,1,1,1,1,1,0,0
704,892,39,105,13,5,4,1,1,1,1,1,1,1,0
705,953,0,200,5,4,6,14,3,1,2,0,1,1,0
706,684,77,375,13,4.8,6,4,3,3,3,0,0,1,1
707,735,0,52,18,4.65,2,5,1,1,1,1,1,1,0
708,753,34,69,17,4.55,4,30,1,1,2,0,1,1,0
709,229,56,71,38,4.3,4,2,1,1,0,0,1,1,0
710,650,61,94,18,4.4,4,2,1,1,1,0,1,1,0
711,128,14,63,223,4.8,4,1,1,1,2,0,0,1,1
712,754,11,474,30,4.7,12,3,3,2,8,1,1,1,1
713,478,16,78,316,4.9,6,1,2,1,3,1,1,1,1
714,452,62,209,59,4.9,4,4,2,2,2,1,1,1,1
715,931,28,88,22,4.75,3,2,1,1.5,1,0,1,1,0
716,204,66,130,14,4.3,6,2,2,2,4,0,1,1,0
717,515,69,179,59,4.95,6,5,3,2,3,1,1,1,0
718,411,30,144,122,4.9,5,3,2,1,6,1,1,1,0
719,275,41,193,50,4.9,4,4,2,2,2,1,1,1,1
720,329,1,48,4,5,2,2,1,1,1,0,0,0,0
721,1030,85,110,103,4.85,4,7,2,2,2,1,1,1,0
722,771,6,299,84,4.9,8,2,2,2,4,1,1,1,0
723,908,50,316,40,4.8,8,7,4,3.5,5,1,1,1,0
724,408,67,300,46,4.45,7,3,3,2,5,0,1,1,0
725,388,3,82,60,4.5,4,1,1,1,1,0,1,0,0
726,73,6,61,291,4.95,3,1,1,1,2,1,1,1,0
727,651,0,204,38,4.8,6,3,2,2,2,0,0,1,1
728,635,0,65,2,5,2,2,1,1,2,0,1,1,0
729,791,0,656,12,5,16,4,8,6.5,13,0,1,1,0
730,30,40,40,90,4.85,2,3,1,1,1,1,0,0,0
731,376,90,64,83,4.95,2,3,1,1,1,1,1,0,0
732,914,67,517,72,4.95,8,4,4,3,7,0,0,1,1
733,702,7,50,229,4.85,2,1,1,1,1,1,1,0,0
734,554,18,203,51,4.95,8,2,2,2,2,1,1,1,0
735,744,0,169,1,5,4,366,4,2.5,4,0,1,1,0
736,890,1,52,80,4.7,2,1,1,1,1,0,1,0,0
737,634,0,80,4,4.75,2,5,1,1,1,0,1,0,0
738,63,0,117,4,3.75,2,2,1,1,1,0,1,1,0
739,472,36,100,2,4.5,6,28,2,2,3,0,1,1,0
740,445,29,175,4,4.5,6,5,2,2,3,0,1,1,0
741,1120,35,295,1,5,6,5,3,2,3,0,1,1,0
742,840,0,125,2,5,5,30,2,2,2,0,1,0,0
743,711,0,150,42,4.75,6,15,2,2,3,0,0,1,0
744,23,42,237,33,4.75,8,4,4,4,4,1,1,1,0
745,93,1,356,2,5,8,2,2,2,3,0,1,1,0
746,258,0,100,1,2,4,25,1,2.5,3,0,1,1,0
747,902,2,52,19,4.1,2,1,1,1,1,0,1,0,0
748,127,0,50,2,0,4,1,1,1,2,0,0,0,0
749,514,48,99,4,5,6,4,1,1,2,1,1,1,0
750,1094,1,60,20,4.6,2,2,1,1,1,0,0,0,0
751,634,44,256,284,4.8,4,2,2,1,2,1,0,1,0
752,863,90,58,80,4.95,2,2,1,1,2,1,0,1,0
753,256,5,165,32,4.8,5,22,2,3,3,0,0,1,0
754,847,89,300,126,4.75,7,3,3,3,3,0,1,1,0
755,842,0,100,64,4.7,2,3,1,1,1,0,0,0,0
756,1084,90,60,279,4.95,2,21,1,1,1,1,0,1,0
757,823,75,55,8,5,2,3,1,1,1,1,1,0,0
758,528,55,180,5,4.2,6,1,2,1.5,3,0,0,1,0
759,379,43,257,120,4.75,8,2,3,2,4,1,1,1,0
760,904,21,118,11,4.65,2,4,1,1,1,0,1,1,1
761,484,40,282,36,4.9,8,4,3,2,9,0,1,1,1
762,495,1,145,2,5,4,7,1,1,2,0,1,1,0
763,925,70,271,52,4.9,6,3,3,2,3,0,0,1,0
764,269,42,99,28,4.8,6,4,1,1,3,1,1,1,0
765,259,90,50,37,4.35,4,3,1,1,3,0,1,1,1
766,875,0,69,1,5,2,1,1,1,1,0,1,0,0
767,1046,85,125,5,5,2,5,1,1,2,0,0,1,0
768,437,1,130,7,4.6,4,3,1,1,0,0,1,1,0
769,182,27,88,158,4.75,2,1,1,1,1,1,1,0,1
770,258,6,110,2,4,4,7,1,1,2,0,1,1,0
771,302,89,82,44,4.9,6,3,2,2,3,1,1,1,1
772,242,11,184,14,5,6,2,2,2,4,0,1,1,0
773,898,90,161,4,4.75,4,2,1,1,2,0,1,1,0
774,840,37,209,1,5,6,2,2,2,3,0,1,1,0
775,820,18,130,1,5,2,2,1,1,1,0,1,1,0
776,528,18,150,3,5,4,2,1,1,2,0,1,1,0
777,664,37,330,32,4.65,5,2,1,1,3,0,1,1,1
778,481,88,149,1,5,2,5,1,1,1,0,0,1,0
779,584,31,106,91,4.85,8,2,3,2,3,1,1,1,0
780,392,0,61,5,5,3,90,1,1,2,0,0,1,0
781,1040,4,52,219,4.65,2,1,1,1,1,0,1,0,0
782,678,0,125,3,4,2,7,1,1,2,0,1,1,0
783,918,48,50,11,4.8,1,4,1,1,1,0,0,0,0
784,837,0,350,7,3,7,1,3,4,4,0,0,1,0
785,1104,3,490,30,5,6,3,3,2,4,1,1,1,1
786,977,65,176,7,4.3,6,28,1,1,2,0,1,1,0
787,823,31,250,14,4.7,6,7,4,3,4,0,1,1,0
788,730,0,95,8,4.55,3,7,2,1,3,0,1,1,0
789,918,50,76,160,4.95,2,2,1,1,1,1,1,1,1
790,776,0,105,16,4.75,2,7,1,1,2,0,1,1,0
791,992,39,90,65,4.85,4,3,1,1,2,1,1,1,1
792,861,15,150,3,5,4,7,2,1,4,0,1,1,0
793,862,75,82,60,4.8,6,3,2,2,5,1,1,1,1
794,947,0,105,10,4.2,2,7,1,1,2,0,1,1,0
795,289,54,240,43,4.8,6,1,2,2,3,0,1,1,0
796,271,1,220,36,4.95,6,3,3,1.5,3,1,1,1,0
797,840,54,114,169,4.8,2,1,1,1,1,1,1,1,0
798,352,0,71,43,4.65,5,3,1,1,3,0,1,0,1
799,554,9,165,43,4.65,6,3,2,2,3,0,1,1,0
800,594,23,99,6,5,4,20,1,1,2,0,1,1,0
801,600,0,95,16,4.75,2,7,1,1,2,0,1,1,0
802,507,79,100,30,4.7,6,3,2,2,4,1,1,1,1
803,996,0,109,102,4.4,4,1,1,1,2,0,1,1,0
804,739,0,55,1,0,1,60,1,1,1,0,0,0,0
805,357,55,122,149,4.8,2,1,1,1,1,1,1,1,0
806,1007,37,58,9,4.9,4,1,1,1,2,0,0,0,0
807,820,90,250,58,4.9,8,3,4,2,6,1,1,1,0
808,613,0,149,93,4.7,3,1,1,1,1,0,1,1,0
809,966,2,133,6,4.65,4,1,1,1,2,0,1,0,1
810,247,90,124,6,4.35,4,1,1,1,2,0,1,0,1
811,548,0,107,13,4.65,4,1,1,1,2,0,1,0,1
812,690,3,81,6,4.35,2,5,1,1,1,0,1,1,0
813,932,0,106,50,4.55,2,1,1,1,1,0,1,0,1
814,97,31,123,15,4.45,4,1,1,1,2,0,1,0,1
815,835,50,67,37,4.95,3,4,1,1,2,1,1,1,0
816,993,3,106,1,0,6,30,2,2,8,0,1,1,0
817,1093,28,158,98,4.9,6,3,2,2,3,0,1,1,0
818,311,14,81,25,4.75,2,3,1,1,1,0,0,0,0
819,123,0,55,87,5,2,1,1,1,1,1,0,0,0
820,961,30,60,38,4.9,2,1,1,1,1,1,0,0,0
821,316,30,143,1,5,4,2,1,1,2,0,1,1,0
822,612,30,110,16,4.65,3,2,1,1,1,0,0,1,0
823,412,27,77,186,4.75,4,2,1,1,1,1,1,1,1
824,763,58,49,219,4.85,4,1,1,1,3,1,0,1,1
825,292,6,89,108,4.85,4,3,1,1,3,0,0,1,0
826,206,81,65,10,5,1,2,1,1,1,0,0,0,0
827,491,6,150,4,5,6,3,2,1,3,0,0,1,0
828,311,15,161,17,4.95,4,6,2,1,5,1,1,1,0
829,820,21,259,18,4.8,6,2,2,2,3,0,1,1,0
830,950,25,57,146,4.85,3,3,1,1,2,1,0,1,0
831,377,0,138,24,4.65,6,2,2,2,3,0,1,1,1
832,267,10,88,117,4.7,2,2,1,1,1,0,0,1,0
833,764,26,64,106,4.95,4,3,1,1,1,1,1,1,1
834,366,4,61,110,4.9,4,3,1,1,1,1,1,1,1
835,400,58,282,43,4.95,7,2,3,3,4,0,1,1,0
836,718,90,45,173,4.95,2,2,1,1,1,1,0,0,0
837,96,3,52,99,4.55,2,1,1,1,1,0,1,0,1
838,1067,0,86,39,4.5,4,1,1,1,2,0,1,0,0
839,705,37,85,45,5,4,3,2,1,2,1,0,1,0
840,246,23,99,15,4.85,3,30,1,1,2,0,1,1,0
841,1081,73,159,30,4.9,6,3,2,2,3,1,0,1,0
842,632,29,150,34,4.9,6,15,2,2,4,0,0,1,0
843,218,61,89,7,4.85,2,3,1,1,2,0,1,1,0
844,778,37,499,80,4.9,9,3,3,3,9,1,1,1,0
845,525,54,101,250,4.75,2,1,1,1,1,1,1,1,0
846,958,2,750,17,4.7,10,2,5,4.5,6,1,0,1,0
847,947,1,99,31,4.75,4,3,2,1,2,1,1,1,0
848,196,34,65,108,4.95,4,2,2,1,2,1,1,0,0
849,596,85,115,50,4.9,4,2,2,1,3,1,1,1,1
850,134,57,90,90,4.75,4,3,2,1,2,1,0,1,1
851,258,71,80,63,4.7,6,4,1,1,2,1,0,1,1
852,282,42,125,179,4.7,6,1,2,1,3,1,1,1,0
853,582,38,171,78,4.7,4,3,2,1,2,1,1,1,1
854,986,6,75,3,3.35,4,15,2,1,2,0,1,1,0
855,736,90,35,153,4.65,1,1,1,1,1,0,1,0,1
856,727,15,219,3,4.65,6,6,2,2,2,0,1,1,0
857,266,89,175,253,4.85,6,2,2,1,3,1,1,1,0
858,992,42,299,54,5,6,3,3,2,4,1,0,1,1
859,452,1,180,9,5,4,7,1,1,2,0,0,1,0
860,631,89,79,134,4.95,2,2,1,1,1,1,0,1,0
861,203,0,99,8,4.5,4,7,1,1.5,2,0,0,1,0
862,311,9,172,7,4.85,4,7,1,1,1,1,1,1,0
863,1005,11,162,3,5,4,7,1,1,1,1,1,1,0
864,302,10,557,2,5,6,7,3,2,5,0,0,1,0
865,38,35,621,18,4.95,12,3,5,4,7,0,0,1,1
866,522,6,38,129,4.5,6,1,1,1,3,0,1,0,0
867,968,35,33,33,4.85,1,3,1,1,1,1,0,0,0
868,126,67,48,14,4.35,2,5,1,1,1,0,0,0,0
869,434,1,55,21,4.8,1,3,1,1,1,0,0,0,0
870,41,0,99,1,0,2,2,1,1,1,0,0,0,0
871,113,20,275,12,4,5,2,2,1,3,0,0,1,0
872,621,9,39,95,4.3,6,1,1,1,4,0,1,0,1
873,147,90,58,35,4.75,4,3,1,1,2,1,1,1,0
874,455,0,159,3,4.65,6,7,2,2,3,0,1,1,0
875,455,27,1000,43,4.7,10,3,5,5,6,0,1,1,0
876,443,67,77,20,4.95,2,1,1,1,1,0,0,0,0
877,249,6,55,235,4.7,4,1,1,1,1,0,0,0,0
878,447,65,325,8,5,9,5,3,2,6,0,0,1,1
879,80,40,125,180,4.7,6,1,2,1,3,1,1,1,0
880,819,71,224,65,5,6,7,2,2,4,0,1,1,0
881,709,3,91,71,4.85,4,3,2,1,2,0,1,1,0
882,954,67,239,70,4.9,6,1,3,3,3,0,0,1,0
883,1016,64,87,20,4.6,4,1,1,1,2,0,1,1,1
884,1121,5,37,101,4.35,5,1,1,1,3,0,1,0,1
885,776,0,60,48,4.8,1,1,1,1,1,0,1,0,0
886,447,0,45,57,4.7,2,2,1,1,1,0,1,0,1
887,629,59,203,40,4.95,6,5,3,3.5,4,1,0,1,0
888,841,0,90,33,4.9,4,30,2,1,3,0,1,1,0
889,821,2,46,5,5,1,3,1,1,1,0,0,0,0
890,131,24,49,164,4.65,2,1,1,1,1,0,1,1,0
891,584,0,95,36,4.15,4,1,1,1.5,0,0,1,1,0
892,1154,22,50,345,4.85,2,2,1,1,2,0,0,1,0
893,698,22,26,52,4.8,4,1,1,1,2,0,1,0,0
894,870,12,25,53,4.65,5,1,1,1,2,0,1,0,0
895,664,32,26,54,4.7,4,1,1,1,2,0,1,0,0
896,614,30,25,130,4.75,4,1,1,1,2,0,1,0,0
897,455,24,25,120,4.75,4,1,1,1,2,0,1,0,0
898,672,38,84,64,4.55,3,2,1,1,1,0,1,1,1
899,297,90,255,13,4.85,6,6,3,3,3,1,1,1,0
900,892,21,299,9,4.8,6,31,3,2,4,0,0,1,0
901,1130,0,67,34,4.75,2,3,1,1,1,1,1,1,0
902,461,45,59,188,4.8,2,2,1,1,1,0,1,1,0
903,34,8,120,28,4.9,4,1,1,1,1,1,1,1,0
904,631,1,550,2,0,6,28,3,2.5,3,0,0,1,0
905,129,90,529,47,4.6,8,30,2,2,4,0,0,1,0
906,349,25,104,76,4.65,4,1,2,1,4,0,1,1,0
907,566,0,61,26,4.5,2,1,1,1.5,1,0,1,0,0
908,258,0,95,9,4.8,4,7,1,1,2,0,1,1,0
909,297,20,429,65,4.95,10,3,5,5.5,7,1,0,1,0
910,447,54,122,172,4.8,2,1,1,1,1,1,1,1,0
911,1134,1,60,124,4.85,2,3,1,1,1,1,0,0,0
912,917,16,81,97,4.9,2,2,1,1,1,0,1,1,0
913,305,57,50,10,4.4,1,7,1,1,1,0,1,0,0
914,227,22,52,10,4.9,1,7,1,1,1,0,1,0,0
915,295,67,90,117,4.85,2,1,1,1,1,0,1,0,0
916,109,67,250,20,4.7,6,3,3,3,3,0,1,1,1
917,661,43,89,151,4.75,4,1,1,1,2,1,1,1,0
918,478,43,150,25,4.5,8,2,3,2,3,1,1,1,0
919,200,30,500,44,4.75,16,2,5,3,8,1,1,1,0
920,455,1,122,2,5,2,4,1,1,2,0,0,1,0
921,3,6,186,47,4.85,2,4,1,1,1,0,1,1,0
922,585,1,55,31,4.95,2,4,1,1,1,1,0,1,0
923,242,38,100,5,4.8,4,1,1,1,2,0,1,1,1
924,814,73,100,2,3.5,4,1,1,1,2,0,1,1,1
925,881,37,71,15,4.75,4,5,1,1.5,3,0,1,1,0
926,636,40,51,49,4.85,2,3,1,1,1,1,1,1,0
927,443,60,89,37,4.9,4,1,1,1,1,0,1,1,1
928,443,12,110,5,5,4,30,2,2,3,1,0,1,0
929,67,89,240,122,4.95,7,3,3,2,5,1,1,1,1
930,387,21,74,51,4.75,4,2,1,1,2,0,1,1,1
931,131,0,49,58,4.5,5,3,1,8,5,0,1,0,0
932,1153,21,103,78,4.65,4,3,2,1,2,0,1,1,0
933,1131,44,211,18,4.9,6,3,3,2,4,0,1,1,0
934,101,60,154,18,5,2,7,1,1,1,1,1,1,0
935,680,14,55,11,4.9,1,2,1,1,1,1,1,0,0
936,885,55,140,1,5,6,180,3,2.5,3,0,0,1,0
937,865,48,585,32,4.7,8,3,3,2.5,4,1,1,1,1
938,447,1,155,16,4.75,9,5,2,1,5,0,0,1,0
939,203,21,104,74,4.45,4,1,2,1,3,0,1,1,0
940,717,5,74,165,4.9,3,2,1,1,2,1,0,1,0
941,584,41,140,15,4.85,4,3,2,1,2,1,0,1,0
942,1060,63,97,46,4.85,4,3,2,1,2,1,1,1,0
943,423,10,75,13,4.25,2,5,1,1,0,0,0,1,1
944,376,35,30,23,4.75,1,3,1,1,1,0,0,0,0
945,692,22,119,110,4.75,5,4,2,2,2,1,1,1,1
946,992,0,350,2,5,6,1,1,3,3,0,1,0,0
947,16,90,73,86,4.95,2,1,1,1,1,1,0,0,0
948,334,54,60,135,4.8,4,2,1,1,2,0,0,1,1
949,818,90,65,22,4.95,2,5,1,1,1,0,0,0,0
950,36,13,328,20,4.6,5,2,1,1,3,0,1,1,1
951,227,6,300,9,4.55,4,3,2,2,3,0,0,1,0
952,258,21,88,380,4.7,6,1,3,2,3,0,1,1,0
953,638,0,100,14,4.85,2,2,1,1,1,0,1,0,0
954,952,0,100,19,4.7,2,2,1,1,1,0,1,0,0
955,1051,64,186,48,4.5,10,5,4,2,6,0,1,1,0
956,529,16,78,119,4.95,4,1,1,1,2,1,1,1,0
957,901,29,250,38,4.8,4,2,2,1,2,1,1,1,0
958,608,27,466,39,4.55,10,2,4,3,7,0,1,1,1
959,128,34,403,30,4.75,7,2,2,2,4,0,1,1,1
960,1028,49,524,43,4.9,10,3,3,3,7,1,1,1,0
961,852,37,120,31,4.75,5,1,2,2,4,1,1,0,0
962,747,4,78,99,5,4,1,1,1,2,1,1,0,0
963,672,21,100,90,4.7,4,3,2,1,2,1,1,1,1
964,581,0,99,7,3.85,2,2,1,1,1,0,1,1,0
965,665,0,138,2,5,3,2,1,1,1,0,1,1,0
966,107,73,945,28,4.9,10,7,4,3,7,1,1,1,0
967,455,26,429,41,4.15,10,3,6,3,7,0,1,1,1
968,1100,10,99,54,4.7,6,7,3,2.5,4,1,1,1,0
969,834,89,600,306,4.8,2,1,1,1,1,1,1,1,0
970,258,67,125,5,4.75,2,7,1,1,1,0,0,1,0
971,919,59,38,11,5,2,30,1,1,1,1,1,1,1
972,259,1,54,9,4.35,1,1,1,1,1,0,1,0,0
973,99,66,2000,8,4.85,6,365,3,2.5,3,0,0,1,0
974,483,15,79,76,4.75,4,4,1,1,3,1,1,1,1
975,209,90,48,2,5,2,365,1,1,2,0,1,1,0
976,1096,73,180,49,4.6,14,6,5,3,14,1,1,1,0
977,39,76,85,19,4.95,2,3,1,1,1,1,1,1,0
978,67,6,200,158,4.95,4,60,1,1.5,1,1,1,1,0
979,23,0,50,60,4.7,2,2,1,1,1,0,1,0,1
980,1080,1,60,35,4.5,2,1,1,1,1,0,0,1,0
981,720,1,150,28,4.65,6,3,3,1.5,3,0,0,1,0
982,925,2,129,22,4.95,6,30,3,3,3,0,1,1,0
983,447,28,250,32,4.8,8,7,4,3,5,1,1,1,0
984,258,58,562,60,4.9,10,3,4,3,7,1,1,1,0
985,573,57,339,15,4.75,7,7,3,3.5,3,1,1,1,1
986,80,59,509,22,4.85,10,7,5,4.5,5,1,1,1,0
987,496,37,296,36,4.7,8,7,4,3,4,1,1,1,0
988,853,26,260,20,4.75,8,7,4,4.5,5,1,1,1,0
989,504,45,339,37,4.9,8,7,4,4,6,1,1,1,0
990,209,1,99,38,4.9,6,7,3,2.5,3,1,1,1,0
991,844,25,285,65,4.65,8,3,3,3,5,0,1,1,0
992,913,5,75,41,5,2,3,1,1,1,1,0,1,1
993,307,3,250,1,0,3,30,1,1,1,0,0,1,0
994,1113,13,82,207,4.9,4,2,1,1,3,1,1,1,0
995,198,68,600,24,4.85,12,5,4,4.5,7,0,1,1,0
996,92,37,300,10,4.5,9,3,4,2,6,0,1,1,1
997,924,6,89,1,0,2,3,5,4,6,0,0,0,0
998,604,49,70,132,4.75,9,1,1,1,5,1,1,1,0
999,455,57,1100,25,4.85,12,5,6,4.5,12,0,0,1,0
1000,845,66,185,10,4.1,7,3,2,2,3,0,1,1,1
1001,650,23,100,62,4.75,2,6,1,1,1,0,1,1,1
1002,623,11,33,6,4.15,1,3,1,1,1,0,0,0,0
1003,460,62,175,86,4.75,4,2,2,2,2,1,1,1,0
1004,825,0,30,23,4.3,2,50,1,1,1,0,0,0,0
1005,607,35,150,33,4.75,6,1,2,1,4,1,1,0,0
1006,788,8,118,6,5,4,2,1,1,1,0,0,1,0
1007,243,7,56,311,4.85,2,1,1,1,1,1,1,1,0
1008,1012,4,63,197,4.75,4,3,1,1,2,1,1,1,0
1009,245,4,229,46,4.6,6,2,2,2,3,0,1,1,0
1010,1136,88,295,25,5,6,28,3,2.5,6,1,0,1,0
1011,454,71,110,55,4.8,4,3,2,1,3,1,0,1,0
1012,662,17,76,40,4.55,4,3,1,1,1,0,1,1,0
1013,602,4,166,54,4.7,7,2,2,2,4,0,1,1,1
1014,625,0,150,3,3.35,8,7,2,2,4,0,1,1,0
1015,621,69,300,6,5,6,4,3,2,4,1,1,1,0
1016,609,2,100,2,5,4,7,1,1,2,0,1,1,0
1017,507,4,71,74,4.4,2,3,1,1,1,0,0,1,0
1018,281,90,135,184,4.8,4,3,2,1,4,1,1,1,0
1019,153,25,53,67,4.85,3,7,1,1,1,1,1,1,0
1020,802,19,226,49,5,4,4,2,2,3,1,1,1,0
1021,462,4,61,177,4.8,4,2,1,1,2,1,1,1,0
1022,786,20,65,156,4.8,4,2,1,1,2,1,1,1,0
1023,75,6,63,203,4.8,6,2,2,1,4,1,1,1,0
1024,83,90,100,7,4.85,2,28,1,1,1,1,1,1,0
1025,587,90,79,4,5,6,29,2,2,2,0,0,1,0
1026,606,33,299,18,5,8,5,3,2.5,7,0,0,1,0
1027,263,37,221,16,4.9,10,7,4,3,5,0,1,1,1
1028,459,25,225,12,4.75,6,4,3,2,4,0,1,1,0
1029,286,39,89,48,4.5,6,1,2,2,4,0,1,1,0
1030,539,27,290,13,5,6,1,2,2,3,0,1,0,0
1031,100,39,303,6,4.75,6,1,2,2,3,0,1,0,0
1032,941,53,138,96,4.85,7,3,3,1,3,0,1,1,0
1033,722,90,99,140,4.75,4,5,1,1,1,1,1,1,0
1034,529,90,53,10,4.7,4,30,1,1,2,0,1,1,0
1035,631,1,150,5,4,2,1,1,1,1,0,1,0,0
1036,246,31,95,29,4.7,5,21,2,2,4,1,1,1,0
1037,98,7,100,1,5,6,183,2,2,3,0,0,1,0
1038,643,89,250,57,4.95,4,7,2,2.5,2,1,1,1,0
1039,222,34,87,23,4.85,5,14,2,2,3,1,1,1,0
1040,1038,58,85,19,4.85,5,14,2,2,3,1,1,1,0
1041,358,31,879,19,5,10,3,4,2,4,1,1,1,0
1042,529,33,190,73,5,8,2,3,2.5,6,0,0,1,0
1043,14,65,80,55,4.95,2,3,1,1.5,2,1,0,1,0
1044,1157,31,250,107,4.85,8,3,3,2,4,1,1,1,1
1045,150,80,268,44,4.9,8,1,2,2,4,1,1,0,0
1046,177,80,180,59,4.9,4,1,1,1,2,1,1,0,0
1047,905,12,53,11,4.55,4,30,1,1,1,0,1,1,1
1048,143,90,155,3,4.65,2,1,1,1,1,0,1,0,1
1049,749,29,150,23,4.9,6,5,2,2,3,1,1,1,0
1050,429,0,98,92,4.3,2,500,1,1,1,0,0,1,0
1051,780,84,77,15,4.85,4,13,1,1,1,0,0,1,0
1052,544,80,150,114,4.95,4,1,1,1,2,1,1,0,0
1053,250,6,185,7,4.55,4,30,2,2.5,2,0,0,1,0
1054,561,1,49,100,4.5,7,1,1,1,3,0,1,1,0
1055,328,17,42,81,4.4,3,1,1,1,2,0,1,0,0
1056,451,7,39,54,4.55,5,1,1,1,3,0,1,0,1
1057,299,28,34,33,4.65,3,1,1,1,2,0,1,0,0
1058,743,0,34,31,4.45,6,1,1,1.5,4,0,1,0,0
1059,1091,58,141,74,4.85,8,7,3,2,4,1,1,1,1
1060,297,27,50,32,4.9,2,6,1,1,1,1,1,1,1
1061,739,83,85,5,5,2,28,1,1,1,1,1,1,1
1062,520,15,135,6,5,2,28,1,1,1,1,1,1,1
1063,1036,18,1067,88,4.95,16,3,7,4,9,1,1,1,0
1064,804,0,117,2,5,1,1,1,1,1,0,1,0,0
1065,208,36,97,82,4.5,4,2,2,1,3,0,1,1,0
1066,962,36,234,29,4.85,6,3,2,2,2,1,1,1,0
1067,447,90,77,23,4.8,3,3,1,1,1,0,0,1,0
1068,869,0,1143,18,4.9,2,1,1,1,1,0,0,1,0
1069,631,6,110,6,4.75,4,7,1,1,1,0,0,1,0
1070,1090,51,275,100,4.7,6,3,3,3,4,0,1,1,1
1071,205,1,80,170,4.95,2,5,1,1,1,1,1,1,0
1072,406,33,314,60,4.8,10,3,4,2,7,1,1,1,0
1073,584,60,124,115,4.6,6,3,3,2,3,0,0,1,1
1074,501,54,103,211,4.9,2,1,1,1,1,1,1,1,0
1075,58,55,153,17,4.9,4,2,1,1.5,1,0,0,1,0
1076,1068,19,250,4,5,7,4,3,2,4,0,1,1,0
1077,533,32,235,27,5,6,7,3,2,4,1,0,1,1
1078,1124,11,118,35,4.95,4,3,2,2,2,1,1,1,0
1079,624,1,58,19,4.85,2,1,1,1,1,0,0,0,0
1080,667,32,169,50,4.25,8,5,3,2,4,0,1,1,0
1081,1022,17,105,5,5,5,15,2,2,2,1,1,1,0
1082,1122,27,144,16,4.6,2,2,1,1,1,0,1,1,0
1083,1050,0,45,50,4.9,2,4,1,1,1,1,1,0,0
1084,356,33,64,24,4.9,2,14,1,1,2,1,1,1,0
1085,526,1,60,67,4.6,2,1,1,1,1,0,0,0,0
1086,623,55,335,22,5,8,4,4,3,5,1,1,1,0
1087,1107,54,114,206,4.85,2,1,1,1,1,1,1,1,0
1088,474,7,336,7,5,2,31,2,1,2,0,0,1,0
1089,775,53,95,106,4.95,3,2,1,1,1,1,1,1,0
1090,173,33,194,26,4.9,6,4,2,2,3,0,1,1,0
1091,904,0,50,55,4.85,2,2,1,1,1,0,1,0,1
1092,923,1,150,1,5,4,30,1,1,2,0,0,1,0
1093,417,31,66,92,4.7,4,2,1,1,1,0,1,1,1
1094,1100,45,236,50,4.8,8,2,3,3,3,0,1,1,0
1095,50,44,79,318,4.65,7,1,3,2,4,0,1,1,0
1096,783,6,45,2,5,1,30,1,1,1,0,0,0,0
1097,1009,0,80,24,4.75,2,3,1,1,2,1,1,1,0
1098,30,45,104,40,4.65,4,1,1,1.5,2,0,1,1,1
1099,978,23,155,11,4.9,6,3,3,3,4,1,1,1,0
1100,624,0,200,2,5,6,30,3,3,3,0,1,1,0
1101,469,41,199,13,4.75,8,5,3,2,5,1,1,1,0
1102,687,20,30,94,4.85,1,2,1,1,1,1,1,0,0
1103,612,30,115,12,5,2,5,1,1,1,0,0,1,0
1104,289,35,144,105,4.95,5,3,2,1,3,1,0,1,0
1105,17,17,4250,7,5,14,4,7,7.5,11,0,0,1,1
1106,287,36,87,105,4.75,2,5,1,1,1,0,1,1,0
1107,687,2,54,12,4.65,2,20,1,1.5,4,1,1,0,0
1108,6,2,275,15,4.95,6,6,2,2,3,0,1,1,0
1109,1018,1,60,4,5,2,1,1,1,1,0,0,0,0
1110,991,22,72,202,4.85,2,2,1,1,1,0,1,0,1
1111,820,4,134,87,4.95,2,2,1,1,1,1,1,0,0
1112,805,1,55,19,4.9,2,1,1,1,1,0,0,0,0
1113,447,6,103,74,4.95,6,2,1,1,1,1,1,0,0
1114,253,0,50,11,4.8,2,1,1,1,1,1,1,0,0
1115,265,1,65,8,4.9,2,2,1,1.5,1,1,1,0,0
1116,687,34,89,2,0,4,7,1,1,2,0,1,0,0
1117,335,0,65,12,4.9,2,3,1,1.5,1,1,1,0,0
1118,573,18,213,27,5,8,3,3,2,4,1,1,1,1
1119,981,1,75,4,4.75,3,1,1,1,1,1,1,0,0
1120,149,0,55,22,4.9,2,1,1,1.5,1,1,1,0,0
1121,729,1,89,3,4,4,3,1,2,0,0,1,0,0
1122,712,32,140,134,4.75,6,2,3,2,4,0,0,1,0
1123,554,11,1081,98,4.85,14,3,5,3,8,0,1,1,1
1124,1060,1,35,163,4.65,1,1,1,1,1,0,1,0,1
1125,173,8,129,130,4.95,4,3,1,2,2,1,1,1,1
1126,261,10,39,79,4.85,2,2,1,1,2,1,1,0,0
1127,346,1,399,5,4,8,6,3,2,6,0,1,1,0
1128,947,46,291,64,4.75,8,4,3,3,4,0,0,1,1
1129,429,17,80,19,5,2,4,1,1,1,1,0,1,0
1130,1074,71,85,30,4.85,6,5,2,2,2,1,1,1,1
1131,75,8,112,97,4.95,2,2,1,1,1,1,1,0,1
1132,470,16,75,10,5,2,14,1,1,1,0,0,1,0
1133,579,49,55,230,4.85,3,3,1,1,2,1,1,1,0
1134,304,53,286,51,4.8,8,3,4,2,5,1,1,1,0
1135,584,83,650,4,5,8,3,2,2,4,0,1,0,1
1136,80,17,44,138,5,2,2,1,1,1,1,0,0,1
1137,732,90,49,490,4.8,2,1,1,1,1,1,0,0,0
1138,147,24,1028,10,4.7,10,4,4,3,5,1,1,1,1
1139,850,0,90,52,4.75,2,7,1,1,2,0,1,1,1
1140,317,35,144,68,4.85,6,2,2,2,3,1,1,0,1
1141,165,60,280,6,5,8,4,4,3,4,0,0,1,0
1142,264,33,1339,33,4.9,14,3,6,5.5,7,1,1,1,1
1143,724,67,86,80,4.65,2,1,1,1,1,0,1,1,1
1144,497,5,40,18,4.95,3,1,1,1,0,0,0,0,0
1145,700,7,140,2,5,4,14,2,2,2,0,1,1,0
1146,912,4,58,300,4.8,2,1,1,1,1,1,1,1,0
1147,637,30,79,67,4.55,2,3,1,1,1,0,0,1,1
1148,892,85,123,122,4.95,4,4,2,1,2,1,0,1,0
1149,363,74,838,16,5,8,3,3,4,3,1,1,1,1
1150,673,73,164,165,4.95,4,3,1,2,2,1,1,1,1
1151,1082,6,87,70,4.65,4,1,1,1,2,0,0,1,1
1152,1034,90,650,6,5,8,3,2,2,4,0,1,0,1
1153,367,88,149,20,5,2,1,1,1,1,1,1,0,0
1154,1156,0,2000,11,4.9,2,14,1,1,2,0,1,0,0
1155,515,2,100,1,0,4,15,1,2,2,0,1,1,0
1156,1144,0,89,3,4.65,4,1,1,1,1,0,1,0,0
1157,642,90,99,50,5,2,2,1,1,1,1,1,0,0
1158,195,88,99,75,5,2,2,1,1,1,1,1,0,0
1159,447,90,85,4,5,4,1,1,1,1,1,1,0,0
1160,668,67,67,346,4.9,2,1,1,1,1,1,0,1,0
1161,510,88,99,44,5,2,2,1,1,1,1,1,0,0
1162,53,88,98,57,5,2,2,1,1,1,0,0,1,0
1163,37,72,135,17,4.95,2,3,1,1,2,0,1,1,0
1164,624,90,417,71,4.95,8,3,4,5,4,1,1,1,0
1165,776,8,90,25,4.55,3,1,1,1,1,0,1,1,0
1166,806,16,99,24,4.8,2,4,1,1,1,0,1,1,1
1167,301,45,838,32,4.95,8,3,3,4,3,1,1,1,1
1168,897,65,267,147,4.85,8,1,2,2,4,1,1,1,1
1169,131,57,209,64,4.9,6,2,2,1.5,4,1,1,1,0
1170,351,90,208,33,4.55,10,2,4,3.5,5,0,1,1,1
1171,178,69,50,98,5,2,3,1,1,1,1,0,1,1
1172,344,30,367,141,4.9,10,2,3,2,5,0,1,1,0
1173,88,61,356,41,4.95,10,5,4,4,6,1,1,1,0
1174,624,0,246,45,4.75,6,1,2,2,3,0,0,1,0
1175,815,4,39,184,4.8,2,1,1,1,1,1,1,0,0
1176,101,0,181,12,4.2,6,1,2,2,3,0,1,1,1
1177,925,48,13,146,4.35,2,1,1,1,1,0,1,0,1
1178,525,90,89,2,3.5,7,10,2,1,4,0,1,1,0
1179,768,49,12,87,4.25,1,1,1,1,0,0,1,0,1
1180,263,89,88,9,5,4,1,1,1,1,1,1,1,0
1181,299,67,13,85,4.2,1,1,1,1,1,0,1,0,1
1182,189,67,12,63,4.1,1,1,1,2,1,0,1,0,1
1183,913,0,40,163,4.85,2,1,1,1,1,1,1,0,0
1184,858,0,89,10,4.1,4,1,1,1,2,0,1,0,1
1185,632,0,136,11,4.25,4,1,1,1,2,0,1,0,1
1186,598,90,259,34,4.75,7,2,3,3,3,0,1,1,0
1187,447,6,135,12,4.65,6,2,2,2,3,0,1,1,1
1188,523,11,79,20,4.5,4,2,1,1,2,0,1,1,1
1189,567,36,79,35,4.75,4,2,1,1,2,0,1,1,1
1190,258,66,79,21,4.5,4,2,1,1,2,0,1,1,1
1191,812,15,69,104,4.9,4,2,1,1,1,1,1,1,1
1192,112,15,159,23,4.8,7,7,3,2.5,3,1,1,1,0
1193,102,82,257,38,4.9,6,3,3,2,3,1,1,1,0
1194,421,0,71,124,4.6,2,2,1,1,2,0,1,1,0
1195,246,29,175,35,4.8,7,2,2,2,2,0,1,1,0
1196,258,1,69,64,4.95,2,2,1,1,1,0,1,0,1
1197,1108,1,139,2,2,2,5,1,1,1,0,1,1,0
1198,508,1,211,4,4.65,4,5,2,2,3,0,1,1,0
1199,892,24,396,32,4.55,10,4,4,3.5,5,0,1,1,1
1200,218,40,86,29,4.4,2,2,1,1,1,0,1,1,1
1201,1073,22,175,95,4.95,5,2,2,2,4,1,1,1,0
1202,443,90,88,9,4.9,4,1,1,1,1,1,1,1,0
1203,855,81,260,7,5,6,1,2,1,3,1,1,1,0
1204,704,90,120,16,4.95,4,1,1,1,2,1,1,1,0
1205,49,90,78,31,4.9,2,1,1,1,1,1,1,1,0
1206,305,51,350,2,5,6,7,3,3,5,0,0,1,0
1207,446,40,443,90,4.75,12,1,5,4,8,1,1,1,0
1208,423,55,520,41,4.45,10,2,4,3,6,0,1,1,1
1209,152,51,275,36,4.95,5,6,1,1.5,3,0,0,1,1
1210,765,54,389,13,4.6,10,3,5,4,6,0,0,1,0
1211,455,1,75,7,3.65,4,6,1,1,2,0,0,1,0
1212,532,89,205,73,4.75,9,3,4,3,5,1,1,1,0
1213,697,59,212,168,4.8,10,2,3,2,8,1,1,1,1
1214,135,39,150,56,4.85,5,3,2,3,3,1,1,1,1
1215,746,46,175,12,4.75,7,2,2,2,3,0,1,1,1
1216,285,62,250,106,4.8,9,3,3,2,4,1,1,1,1
1217,339,9,149,28,4.55,4,2,2,1,3,1,1,1,0
1218,363,35,140,10,5,4,1,1,1,1,1,1,1,0
1219,529,34,80,18,4.7,4,3,1,1,2,1,1,1,1
1220,36,0,68,1,0,4,120,2,2,2,0,0,1,1
1221,1048,0,115,2,4,4,1,2,1.5,3,0,0,1,0
1222,240,9,285,32,4.75,6,3,3,3,5,0,1,0,0
1223,189,82,125,6,4.5,6,3,1,1,1,0,1,0,0
1224,23,26,186,28,4.9,6,3,2,1.5,3,1,1,1,1
1225,897,6,74,27,4.45,4,4,1,1,2,0,0,1,0
1226,618,24,85,100,4.95,2,2,1,1,1,1,1,1,0
1227,64,20,175,117,4.7,9,4,3,3,7,1,1,1,1
1228,489,1,69,36,4.8,2,2,1,1,1,0,1,0,0
1229,831,16,91,154,4.75,3,1,1,1,2,1,1,1,1
1230,1126,26,97,159,4.7,4,1,1,1,2,1,1,1,1
1231,695,88,330,11,4.45,8,2,2,2,4,0,1,1,1
1232,420,1,165,5,4.75,3,3,1,1,1,0,1,1,0
1233,7,0,243,51,4.75,7,2,3,3,5,0,1,1,0
1234,1101,0,165,6,4,2,3,1,1.5,1,0,1,1,0
1235,218,16,167,16,4.45,6,3,2,2,3,0,1,1,1
1236,221,89,140,2,4,4,1,1,1,1,1,1,1,0
1237,1128,88,180,18,4.6,4,1,1,1,2,1,1,0,0
1238,886,1,76,2,5,2,30,1,1,2,0,1,0,0
1239,888,62,90,137,4.9,2,3,1,1,1,1,1,1,0
1240,529,0,199,11,4.45,3,3,1,1,1,0,1,1,0
1241,925,0,169,64,4.5,5,2,1,1,2,0,1,1,0
1242,8,53,204,4,4.5,10,30,4,3.5,4,0,0,1,0
1243,830,0,42,4,4.75,2,2,1,1,1,0,0,0,0
1244,601,90,350,12,5,4,30,2,3,4,0,1,1,0
1245,493,5,143,2,4.5,4,2,1,1,2,0,1,1,0
1246,444,6,46,136,4.85,2,2,2,1,2,1,1,0,1
1247,274,64,117,141,4.8,7,3,3,2,4,1,0,1,1
1248,67,55,35,14,4.55,2,1,1,1,2,0,1,0,0
1249,566,54,158,15,3.95,4,28,1,1,1,0,1,0,1
1250,406,90,153,25,4.35,4,28,1,1,1,0,1,0,1
1251,439,0,95,2,3,4,4,1,1,2,0,1,1,0
1252,1069,0,175,2,3,8,7,2,2,4,0,1,1,0
1253,449,47,13,67,4.6,1,1,1,2,1,0,1,0,1
1254,509,3,46,192,4.85,2,1,1,1,1,1,1,0,0
1255,166,25,85,87,4.95,2,3,1,1,1,1,0,1,1
1256,1059,1,157,1,5,2,1,1,1,1,0,0,0,0
1257,811,53,79,26,5,4,1,2,1,3,1,1,1,0
1258,322,28,76,82,4.75,4,2,1,1,2,1,0,1,1
1259,1143,0,150,29,4.75,2,2,1,1,1,0,1,0,0
1260,677,36,69,60,4.65,2,10,1,1,2,1,1,1,0
1261,807,90,71,14,4.95,4,29,2,2,3,1,1,1,0
1262,71,37,59,257,4.95,2,1,1,1,1,1,1,1,0
1263,1079,16,190,62,4.9,5,4,3,1,4,1,1,1,0
1264,117,90,65,129,4.85,2,2,1,1,1,0,1,0,0
1265,338,90,70,116,4.8,2,1,1,1,1,1,0,1,0
1266,202,75,118,4,4.75,6,7,2,1,3,0,0,1,1
1267,1097,34,237,46,4.8,6,2,2,1.5,4,1,1,1,0
1268,38,2,55,22,4.75,2,3,1,1,0,1,0,1,0
1269,535,50,842,30,4.95,8,3,3,4,3,1,1,1,1
1270,233,45,94,50,4.5,2,4,1,1,1,0,1,1,1
1271,963,83,139,34,4.6,4,3,1,1,2,0,1,1,1
1272,1042,39,96,54,4.65,2,4,1,1,1,0,1,1,1
1273,701,8,350,11,4.2,8,3,5,2,8,0,0,1,0
1274,772,36,105,6,4.65,6,14,2,2,7,1,1,1,0
1275,1011,1,69,32,4.9,2,2,1,1,1,0,1,0,0
1276,309,44,254,53,4.75,8,7,4,3.5,5,1,1,1,0
1277,522,0,60,19,4.5,2,2,1,1,1,0,0,0,1
1278,554,90,57,69,4.7,2,1,1,1,1,0,1,1,1
1279,124,21,89,33,4.85,4,21,1,1,1,0,1,1,1
1280,326,90,83,61,4.7,4,1,1,1,1,0,1,1,1
1281,75,48,100,58,4.8,4,4,1,1,2,0,0,1,1
1282,947,90,106,112,4.85,4,3,1,1,2,0,0,1,1
1283,91,18,346,4,4.5,8,2,2,2,4,0,1,1,1
1284,1043,89,74,102,4.85,2,2,1,1,1,1,1,1,1
1285,140,63,88,133,4.9,3,3,1,1.5,2,1,0,1,0
1286,541,47,119,46,4.8,7,5,2,2,3,1,1,1,1
1287,420,87,110,16,4.8,5,7,2,2,5,0,1,1,0
1288,899,0,45,157,4.95,4,1,1,5,2,1,1,0,0
1289,43,36,94,13,4.6,4,4,1,1,4,0,1,1,0
1290,684,68,191,35,4.95,4,5,2,1,4,1,1,1,0
1291,31,16,153,8,5,8,3,2,2,3,0,1,1,0
1292,423,7,140,2,0,5,300,2,3,3,0,0,1,0
1293,746,9,304,13,4.6,4,30,2,3.5,3,0,1,1,0
1294,183,55,235,67,4.95,6,3,3,2,3,1,0,1,0
1295,215,31,810,15,4.85,14,7,6,4.5,6,1,1,1,1
1296,221,23,260,3,5,10,4,3,3,5,0,1,1,0
1297,881,66,273,20,4.85,11,7,5,3,5,1,1,1,1
1298,447,35,241,6,4.85,8,7,4,2,6,1,1,1,1
1299,72,40,416,17,4.75,8,5,4,3,4,1,1,1,1
1300,640,7,99,1,0,4,90,1,1.5,1,0,0,1,0
1301,633,48,271,32,4.65,10,7,4,3.5,7,1,1,1,1
1302,114,30,242,9,4.9,6,7,3,3,3,1,1,1,1
1303,24,45,216,8,4.4,5,7,2,2,2,1,1,1,1
1304,259,90,220,13,4.85,8,7,4,3,4,1,1,1,1
1305,529,19,246,9,4.65,8,7,4,2,4,1,1,1,1
1306,781,64,175,38,4.85,4,5,2,2,3,1,1,1,0
1307,355,63,167,8,4.9,5,7,2,2,2,1,1,1,1
1308,325,47,199,8,4.75,5,7,2,2.5,2,1,1,1,1
1309,1132,89,277,14,4.95,7,7,3,2.5,3,1,1,1,1
1310,925,3,139,58,4.8,4,1,1,1,2,1,1,0,1
1311,395,51,228,156,4.95,8,1,3,2,4,1,0,1,0
1312,530,30,150,16,4.7,6,7,2,2,3,0,1,1,0
1313,563,63,214,11,5,9,7,4,2,4,1,1,1,1
1314,492,0,300,4,5,6,1,2,2,3,0,1,0,1
1315,748,1,125,11,4.6,2,1,1,1,1,0,0,0,0
1316,756,56,169,18,4.95,4,3,1,1,1,1,1,1,1
1317,392,27,76,136,4.85,4,3,1,1,3,0,1,1,0
1318,580,0,186,39,4.75,4,2,1,1,2,0,1,1,0
1319,634,79,268,16,4.75,7,7,3,2,3,1,1,1,1
1320,693,0,116,145,4.75,2,1,1,1,1,1,1,0,1
1321,184,17,173,41,4.95,2,1,1,1,1,1,1,0,1
1322,517,90,39,3,5,1,1,1,1,1,0,1,0,0
1323,528,17,180,1,5,8,3,2,2,4,0,1,0,0
1324,849,66,78,38,4.9,4,1,1,1,2,0,1,1,1
1325,685,69,226,19,4.7,7,7,3,3,3,1,1,1,1
1326,742,29,270,2,5,8,2,2,2,3,0,1,0,1
1327,296,16,144,1,5,2,2,1,1,1,0,1,1,0
1328,862,33,415,21,5,6,2,3,2,3,0,1,1,1
1329,67,1,93,27,4.25,2,2,1,1,1,0,0,1,0
1330,759,1,78,127,4.75,3,1,1,1,1,1,1,1,0
1331,1085,27,193,12,4.6,4,2,1,1,2,0,1,1,1
1332,136,5,130,40,4.75,5,2,1,1,2,1,1,1,0
1333,874,68,250,31,5,6,7,3,2,3,1,0,1,0
1334,139,1,50,78,4.95,2,2,1,1,1,1,1,0,0
1335,836,47,69,59,4.9,2,2,1,1,2,1,1,0,0
1336,761,0,58,57,4.85,2,2,1,1,1,1,0,0,1
1337,318,42,625,3,5,8,10,4,3,5,0,0,1,0
1338,538,0,88,74,4.8,2,5,1,1,1,0,1,1,0
1339,649,90,250,28,4.95,10,31,4,4,7,1,1,1,0
1340,706,36,50,66,5,2,3,1,1,1,1,1,0,0
1341,220,12,112,20,5,4,4,1,1,2,1,1,1,1
1342,1078,8,65,266,4.8,2,1,1,1,1,1,1,0,1
1343,221,88,100,17,5,4,2,2,1.5,4,0,1,0,0
1344,691,50,380,86,4.95,8,3,3,2.5,4,1,0,1,0
1345,1105,65,135,27,4.2,5,7,2,2,4,0,1,1,0
1346,187,0,84,53,4.7,2,5,1,1,1,0,1,1,0
1347,1117,67,312,27,5,7,28,4,3,4,1,1,1,1
1348,66,1,54,8,5,2,20,1,1,2,1,1,0,0
1349,992,6,150,2,0,8,7,2,1.5,3,0,0,1,0
1350,630,9,80,334,4.7,8,1,3,2,4,0,1,1,0
1351,623,14,90,20,4.65,4,7,1,1,1,0,1,1,1
1352,1014,2,60,23,5,2,3,1,1,1,1,1,0,0
1353,820,4,56,116,4.7,3,2,1,1,2,0,1,1,1
1354,688,13,270,39,4.85,6,2,2,2,3,1,1,1,0
1355,623,66,65,5,5,3,3,1,1,1,0,1,0,0
1356,455,4,399,1,5,6,2,2,2,3,0,1,1,0
1357,1026,90,87,2,4,4,1,1,1,2,0,1,1,1
1358,911,0,170,1,5,2,1,1,1,1,0,1,0,1
1359,405,2,48,2,5,1,2,1,1,1,0,0,0,0
1360,1087,11,120,35,4.75,4,2,1,1,3,0,1,1,0
1361,562,2,210,27,4.65,5,3,2,2,5,0,0,1,0
1362,112,23,185,42,4.5,6,2,3,2.5,3,0,1,1,0
1363,983,22,128,65,4.85,7,2,2,2,4,0,1,1,0
1364,447,21,90,188,4.6,4,1,1,1,3,1,0,1,1
1365,823,12,75,165,4.85,4,5,1,1,2,1,1,1,1
1366,939,78,101,66,4.9,4,1,1,1,2,1,1,1,0
1367,380,6,43,28,4.65,1,2,1,1,1,0,1,0,1
1368,506,19,95,21,4.75,4,7,4,2,4,1,0,1,1
1369,45,0,95,4,5,4,7,1,1,2,0,1,1,0
1370,398,1,86,34,5,3,2,2,1,2,0,0,1,0
1371,149,5,96,108,4.75,4,2,1,1,2,0,1,1,0
1372,854,28,122,104,4.95,2,5,1,1,2,1,0,1,1
1373,75,5,45,186,4.5,3,1,1,1,2,0,1,1,0
1374,741,0,110,1,4,3,3,1,1,1,0,1,1,0
1375,197,13,142,18,4.65,3,3,1,1,1,0,1,1,1
1376,302,19,171,74,4.45,8,3,3,2,7,0,1,1,0
1377,415,55,118,10,5,4,2,1,1,1,1,1,1,0
1378,228,48,139,1,4,3,3,1,1,1,0,1,1,0
1379,987,20,115,39,4.8,2,3,1,1,1,1,1,1,1
1380,131,90,213,47,4.9,4,2,2,1,2,0,0,1,0
1381,575,16,103,62,4.7,8,3,2,2,2,0,1,1,0
1382,323,1,110,1,0,2,30,1,1.5,2,0,1,1,0
1383,808,1,120,11,4.3,3,2,1,1,1,0,0,1,0
1384,283,68,110,16,4.95,4,3,1,1,1,1,1,1,0
1385,67,1,300,5,4.25,2,2,1,1,1,0,0,1,0
1386,364,13,160,23,4.9,5,3,2,2,3,1,1,1,1
1387,561,15,71,86,4.5,4,1,2,2,4,0,0,0,0
1388,884,26,203,40,4.85,4,2,2,2,3,0,1,1,0
1389,1118,46,68,86,4.65,4,1,1,1,1,0,1,1,0
1390,606,27,44,93,4.9,2,2,1,1.5,2,1,0,0,1
1391,766,26,65,237,4.9,2,1,1,1,1,1,1,1,1
1392,1092,36,208,20,4.6,9,2,4,3.5,4,0,1,1,1
1393,939,67,150,264,4.8,5,1,1,1,5,0,0,1,1
1394,241,90,68,80,4.5,4,1,1,1,1,0,1,1,0
1395,816,1,62,194,4.85,2,1,1,1,1,1,1,1,0
1396,739,20,90,50,4.85,4,7,1,1,2,0,1,1,1
1397,217,5,149,31,4.65,3,2,1,1.5,1,0,1,0,0
1398,624,0,66,6,3.85,2,3,1,1,1,0,1,0,0
1399,62,0,100,8,5,2,2,1,1,1,0,0,0,0
1400,82,89,120,14,4.8,2,4,1,1,1,0,0,1,0
1401,623,0,69,103,4.45,3,1,1,1,1,0,1,1,0
1402,876,10,225,79,4.7,10,3,4,2,5,1,1,1,0
1403,856,67,160,17,5,4,1,2,3.5,2,0,0,1,0
1404,663,87,67,3,5,3,30,1,1,2,0,1,1,0
1405,49,5,220,18,4.65,7,3,2,2,4,0,1,1,0
1406,569,44,218,83,4.85,4,1,2,3,2,1,0,1,0
1407,413,29,203,230,4.8,6,1,3,3.5,4,0,1,1,0
1408,1125,90,69,49,4.55,5,2,1,1,5,0,1,1,1
1409,1059,2,500,5,5,5,5,2,2.5,3,0,1,1,0
1410,182,46,257,79,4.95,5,14,2,2,4,1,0,0,1
1411,992,67,86,42,4.9,6,5,2,2,2,1,1,1,1
1412,431,78,128,43,4.9,4,3,2,1,3,1,0,1,0
1413,845,42,90,11,4.9,4,5,1,1,2,1,0,1,0
1414,261,44,120,89,4.95,4,3,1,1,3,1,1,1,1
1415,117,46,165,108,4.7,7,3,3,2.5,4,1,0,1,1
1416,446,5,45,81,4.9,2,1,1,1,1,1,0,0,1
1417,698,0,140,10,5,2,1,1,1,1,0,1,0,1
1418,258,90,150,3,5,8,30,3,2,4,1,1,1,0
1419,145,0,160,3,4.5,2,1,1,1,1,0,1,0,1
1420,670,7,80,18,4.95,3,2,1,1,2,0,1,1,1
1421,127,3,40,2,5,1,2,1,1,1,0,0,0,0
1422,985,32,51,39,4.85,2,7,1,1,1,1,1,1,0
1423,585,46,56,82,4.75,2,4,1,1,1,1,1,1,0
1424,937,90,40,267,4.85,2,1,1,1,1,1,1,0,0
1425,241,90,130,456,4.9,2,1,1,1,1,1,1,1,1
1426,1032,36,121,38,4.95,4,4,2,1.5,5,1,1,1,0
1427,997,0,160,4,4.65,2,1,1,1,1,0,1,0,1
1428,1145,0,30,37,4.6,1,1,1,1,2,0,1,0,1
1429,556,3,125,88,4.9,6,2,2,2,4,1,1,1,0
1430,1019,5,148,19,4.65,6,2,2,2,3,0,1,1,1
1431,258,65,350,78,4.95,6,3,2,2,2,1,1,1,0
1432,74,2,138,28,4.75,6,2,2,2,3,0,1,1,1
1433,927,2,150,77,4.8,4,3,2,1,2,0,0,1,0
1434,182,21,163,21,5,4,2,1,1,2,0,1,1,1
1435,266,44,90,21,4.5,4,7,1,1,2,0,1,1,0
1436,750,68,185,74,4.9,10,3,2,1,6,1,1,1,1
1437,477,35,80,109,4.95,2,2,1,1,1,1,1,1,1
1438,298,0,128,17,4.75,4,1,1,1,2,0,0,1,0
1439,620,66,229,59,4.8,6,3,2,2.5,3,1,1,1,1
1440,511,39,85,13,5,2,3,1,1,1,1,1,1,0
1441,739,1,100,2,5,2,2,1,1,1,0,0,0,0
1442,782,68,199,67,4.9,6,21,3,2,4,0,0,1,1
1443,575,52,100,13,4.85,4,4,1,1,3,0,1,1,0
1444,1017,60,70,121,4.8,7,1,2,1,3,0,1,1,1
1445,374,16,30,119,4.75,1,1,1,1,1,0,1,0,0
1446,939,49,125,46,4.75,4,1,2,2,2,1,0,1,0
1447,412,6,56,100,4.65,2,2,1,1,1,0,1,1,1
1448,692,24,67,37,4.8,2,3,1,1,1,1,0,1,0
1449,940,58,58,140,4.7,6,2,1,1,4,0,1,1,1
1450,918,34,54,109,4.7,4,2,1,1,2,0,1,1,1
1451,622,36,419,37,4.9,10,5,4,3,5,1,0,1,0
1452,78,46,227,76,4.85,7,3,2,2.5,3,1,0,1,0
1453,879,90,130,83,4.95,6,2,2,1,3,1,0,1,0
1454,347,6,142,28,4.8,6,2,2,2,3,0,1,1,1
1455,528,78,110,106,4.95,6,3,2,2,3,1,1,1,1
1456,710,42,53,108,4.75,4,2,1,1,3,0,1,1,1
1457,574,7,72,22,4.6,2,5,1,1,1,0,0,0,1
1458,455,46,486,132,4.8,10,1,5,3,8,1,1,1,0
1459,877,0,50,18,4.2,1,1,1,1,1,0,1,0,1
1460,669,60,58,168,4.7,6,2,1,1,4,0,1,1,1
1461,495,35,76,120,4.9,4,3,1,1,1,1,0,1,0
1462,142,86,55,72,4.5,4,5,1,1,2,0,1,1,1
1463,448,87,244,63,5,6,4,2,2,3,1,1,1,0
1464,1095,0,50,49,4.7,1,1,1,1,1,0,1,0,0
1465,486,16,59,163,4.9,2,2,1,1,1,1,1,1,1
1466,862,12,42,10,4.65,1,1,1,1,1,0,0,1,1
1467,337,90,287,9,5,7,7,3,3,3,1,1,1,1
1468,880,83,60,255,4.8,3,1,1,1,2,1,1,1,1
1469,383,33,115,100,5,11,3,3,2,7,1,1,1,1
1470,993,75,90,6,4.35,3,29,1,1.5,2,0,0,1,0
1471,447,0,55,26,4.25,1,1,1,1,1,0,1,0,1
1472,790,20,185,60,4.85,4,3,2,1,3,0,0,1,0
1473,522,0,142,17,4.25,6,2,2,2,3,0,1,1,1
1474,938,81,42,36,4.85,1,3,1,1,1,0,1,0,0
1475,623,90,45,6,5,2,2,1,1,1,0,1,0,0
1476,42,3,69,18,4.85,4,10,2,1.5,2,0,1,1,0
1477,668,87,66,86,4.85,4,3,1,1,1,0,1,1,0
1478,279,34,82,129,4.65,4,2,1,1,1,0,1,1,1
1479,455,50,12,63,4.6,1,1,1,2,1,0,1,0,1
1480,422,38,74,73,4.9,4,4,1,1,2,1,1,1,0
1481,554,59,31,136,4.7,2,1,1,1,2,0,0,0,0
1482,456,67,82,42,4.85,2,2,1,1,1,1,1,1,0
1483,308,30,125,49,4.65,6,2,2,1.5,4,0,0,1,0
1484,258,15,225,46,4.65,5,3,2,2,6,0,0,1,0
1485,118,2,99,97,4.5,2,1,1,1,1,0,1,0,0
1486,583,0,83,8,3.7,4,1,1,1,2,0,1,1,0
1487,1006,24,100,10,4.9,6,30,3,2,4,0,1,1,1
1488,617,3,127,3,1,3,2,1,1.5,1,0,1,0,0
1489,23,2,135,20,4.7,6,2,2,2,3,0,1,0,1
1490,167,0,140,2,4,2,1,1,1,1,0,1,0,1
1491,414,5,130,17,4.75,6,2,2,2,3,0,1,1,1
1492,739,0,170,3,5,2,1,1,1,1,0,1,0,1
1493,529,21,295,23,4.8,6,3,3,3,3,0,0,1,0
1494,992,90,1475,18,5,12,3,6,6.5,10,1,0,1,0
1495,166,10,425,47,4.65,14,2,4,4,8,0,1,1,0
1496,694,69,71,37,4.85,3,2,1,1,1,1,0,1,1
1497,258,69,159,14,4.55,4,3,1,1,1,0,1,1,0
1498,1112,2,50,23,4.85,2,1,1,1.5,1,0,0,0,0
1499,149,8,38,38,4.9,2,2,1,1,1,1,1,0,0
1500,1066,27,300,38,4.6,10,2,3,2,4,0,0,1,0
1501,89,90,301,46,4.9,12,5,5,4,7,0,0,1,1
1502,147,66,418,14,5,6,4,3,2,3,0,0,1,0
1503,159,39,302,59,4.5,6,2,2,2,3,0,1,1,1
1504,899,5,61,135,4.9,3,2,1,1,1,1,1,1,1
1505,464,26,39,193,4.7,2,2,1,1,1,0,1,1,1
1506,597,24,30,51,4.8,2,1,1,1,1,0,1,0,1
1507,1148,90,137,92,4.85,2,2,1,1,1,1,1,0,0
1508,48,29,185,78,4.6,8,4,3,2,5,1,1,1,1
1509,1137,0,229,14,4.35,4,4,1,1,2,0,1,1,0
1510,104,6,600,15,4.15,12,2,4,3,4,0,1,0,0
1511,455,1,184,25,4.5,4,2,1,1,2,0,1,1,0
1512,62,25,43,164,4.85,2,2,1,1,1,0,1,1,1
1513,605,35,47,108,4.7,4,2,1,1,2,0,1,1,1
1514,699,1,68,43,4.9,2,2,1,1,2,1,1,1,0
1515,971,30,338,70,4.85,10,3,3,2,5,1,1,1,1
1516,282,59,163,9,4.1,6,2,3,2.5,4,0,1,1,1
1517,466,33,130,20,4.9,4,5,1,1,2,0,1,0,0
1518,455,90,48,1,5,2,1,1,1,1,0,0,0,0
1519,414,31,540,111,4.85,10,3,4,4.5,5,1,1,1,0
1520,372,15,225,39,4.45,6,2,2,2,3,0,1,1,0
1521,182,1,240,4,4.5,4,1,1,1,2,0,1,1,0
1522,724,54,77,181,4.95,2,2,1,1,1,1,1,1,1
1523,64,59,85,35,4.9,6,5,2,2,3,1,1,1,1
1524,1089,48,547,18,4.25,12,3,5,4,7,0,1,1,1
1525,785,61,249,27,4.9,5,3,2,2,4,1,1,1,1
1526,194,36,164,16,4.3,6,2,2,2,3,0,1,1,1
1527,271,74,75,272,4.85,4,1,1,1,3,1,1,1,0
1528,539,42,227,38,4.65,8,4,4,2.5,4,0,1,1,0
1529,80,13,63,82,4.85,3,3,2,1,1,1,1,1,0
1530,567,90,61,125,4.65,2,1,1,1,1,0,1,0,1
1531,990,90,119,30,4.1,6,2,2,2,8,0,1,1,1
1532,969,90,145,9,4.55,4,30,1,1,2,0,1,1,0
1533,233,0,175,35,4.85,4,2,1,1,1,0,1,1,0
1534,482,10,199,19,4.7,3,2,1,1,1,0,1,1,0
1535,175,11,85,90,4.9,2,2,1,1,1,1,1,1,0
1536,951,28,137,84,4.9,4,3,1,1,3,1,1,1,1
1537,385,67,99,37,4.6,2,2,1,1,1,0,1,1,0
1538,182,68,86,23,4.65,2,4,1,1,1,0,1,1,0
1539,653,79,267,68,4.9,6,5,2,1,2,1,1,1,0
1540,226,72,137,65,5,2,2,1,1,1,1,1,0,0
1541,752,13,125,103,4.95,2,1,1,1,1,1,0,1,0
1542,260,10,169,60,4.35,4,2,1,1,3,0,1,1,0
1543,13,0,59,102,4.8,3,2,1,1,1,1,1,1,1
1544,174,65,45,210,4.85,2,1,1,1,1,0,0,0,0
1545,624,25,225,24,4.75,6,4,3,2,4,0,1,1,0
1546,799,26,50,3,4.65,1,2,1,1,1,0,0,0,0
1547,229,60,125,3,4.35,4,2,1,1,2,1,1,1,0
1548,246,83,90,38,4.8,4,4,1,1,2,1,1,1,0
1549,968,75,110,21,4.7,4,3,1,1,1,0,1,0,0
1550,41,31,150,104,4.9,2,3,1,1,1,1,1,1,1
1551,313,61,783,17,4.75,16,3,6,3.5,10,1,1,1,0
1552,369,2,99,72,4.55,2,1,1,1,1,0,1,0,0
1553,494,70,156,1,5,6,2,2,2,3,1,1,1,0
1554,992,13,116,92,4.9,3,3,1,1,2,1,1,1,1
1555,172,43,112,131,4.9,4,3,1,1,2,1,1,1,1
1556,947,61,99,127,4.9,2,2,1,1,1,1,1,1,1
1557,38,90,44,114,4.9,2,2,1,1,1,1,1,1,0
1558,1099,90,999,67,4.85,10,3,5,4.5,9,0,1,1,1
1559,28,1,75,147,4.6,2,2,1,1,1,0,0,0,0
1560,64,79,136,3,5,6,2,2,2,4,1,1,1,0
1561,564,34,121,41,4.85,6,2,2,2,3,1,1,1,0
1562,1150,35,132,169,4.65,7,1,2,2,3,0,1,1,1
1563,87,90,120,156,4.7,7,1,2,2,3,0,1,1,1
1564,233,4,129,6,5,6,2,2,2,3,0,1,1,0
1565,498,71,235,62,4.85,6,3,3,2,3,1,0,1,0
1566,85,15,99,87,5,2,3,1,1,1,1,0,1,1
1567,778,90,78,67,4.95,2,1,1,1,1,1,0,0,0
1568,519,29,99,163,4.75,5,2,3,1,4,0,0,1,1
1569,692,0,80,23,4.95,2,1,1,1,1,0,1,0,0
1570,458,21,94,35,4.7,4,5,1,1,3,0,1,1,1
1571,269,3,180,22,4.7,4,3,1,1,2,0,1,0,0
1572,933,90,125,42,4.3,6,2,2,2,3,0,1,1,1
1573,529,66,325,9,5,6,7,3,3,3,1,1,1,1
1574,947,44,461,23,4.5,12,5,4,4,6,0,1,1,1
1575,2,61,60,25,4.9,2,4,1,1,1,0,0,0,0
1576,1102,27,125,99,4.95,4,3,1,1,3,1,1,1,1
1577,865,37,144,2,5,3,4,1,1,1,1,1,1,1
1578,1158,39,54,371,4.45,2,1,1,1,1,0,1,1,1
1579,271,90,96,5,4.8,8,31,2,2,5,0,1,1,0
1580,469,0,35,15,4.65,2,1,1,1,1,0,0,0,0
1581,549,5,33,30,4.55,1,1,1,1,1,1,0,0,1
1582,982,0,130,6,4.35,6,1,1,1.5,3,0,0,1,0
1583,21,19,99,139,4.5,3,2,1,1,2,0,1,1,0
1584,288,3,99,119,4.45,3,2,1,1,2,0,1,1,0
1585,578,0,1550,29,5,4,1,2,3,2,1,1,1,0
1586,23,1,76,7,4.65,2,5,1,1,1,0,0,0,0
1587,13,3,63,1,0,2,2,1,1,1,0,0,1,0
1588,947,41,300,16,4.6,4,3,2,2,3,0,1,1,0
1589,137,10,69,96,4.95,2,2,1,1,1,1,0,0,0
1590,442,86,87,163,4.75,2,2,1,1,1,0,0,1,1
1591,995,77,234,24,4.4,6,3,3,2,3,0,0,1,0
1592,317,15,90,8,3.9,4,7,2,1,2,0,1,1,0
1593,87,0,55,24,5,2,3,1,1,1,0,0,0,0
1594,467,19,65,14,5,2,28,1,1,1,1,1,1,0
1595,526,23,231,50,4.75,7,1,3,3,5,0,1,1,1
1596,700,54,118,1,5,4,2,1,1,2,1,1,1,0
1597,241,54,115,52,4.65,6,1,1,1.5,3,0,1,0,0
1598,534,62,288,32,4.95,6,6,3,2,3,1,1,1,0
1599,660,14,70,38,4.65,2,3,1,1,2,1,1,1,1
1600,63,72,137,89,4.9,2,2,1,1,1,1,1,0,0
1601,512,11,90,9,4.35,4,8,2,1,2,0,1,1,0
1602,105,0,100,14,4.55,4,9,2,1,2,0,1,1,0
1603,56,72,325,14,4.95,8,6,4,3,4,1,1,1,0
1604,866,17,450,41,4.95,4,5,2,1,2,1,0,1,0
1605,529,1,65,1,0,2,1,1,1,1,0,0,0,1
1606,880,13,261,27,5,7,7,2,1,4,1,1,1,0
1607,970,88,68,93,4.9,4,3,1,1,3,1,1,1,1
1608,922,67,39,55,4.9,1,1,1,1,1,1,1,0,1
1609,460,89,73,59,4.15,4,1,1,1,2,0,1,1,1
1610,555,90,628,33,4.8,10,3,4,3,4,0,0,1,0
1611,515,3,211,37,4.6,3,3,1,1,2,0,1,1,0
1612,389,68,96,30,4.65,2,3,1,1,1,0,1,1,0
1613,1066,40,2132,63,4.85,16,3,8,7,9,0,0,1,0
1614,203,12,299,8,4.25,6,3,2,2,4,0,1,1,0
1615,465,90,175,17,5,6,3,3,2,4,0,0,1,0
1616,933,0,399,17,4.6,5,3,2,2,3,0,1,1,0
1617,562,13,87,4,4.25,4,1,1,1,2,0,1,1,1
1618,147,4,199,4,5,6,3,2,2,3,0,1,1,0
1619,839,41,56,76,4.15,2,1,1,1,1,0,1,1,1
1620,972,13,73,51,4.35,4,1,1,1,2,0,1,1,1
1621,656,3,181,1,5,6,1,2,2,3,0,1,1,0
1622,645,36,193,14,4.5,3,3,1,1,2,0,1,1,1
1623,687,19,190,3,5,6,3,2,2,4,0,1,1,0
1624,623,66,275,19,5,4,6,2,2,2,1,1,1,0
1625,108,60,118,1,5,4,2,1,1,2,1,1,1,0
1626,733,4,1223,35,4.9,16,3,7,5,15,1,1,1,0
1627,900,49,300,93,4.9,8,7,4,3,4,1,0,1,0
1628,946,90,99,48,4.95,2,3,1,1,2,0,1,1,0
1629,860,89,275,50,4.8,10,3,4,3,7,0,0,1,1
1630,227,79,314,18,5,6,6,3,2,3,1,1,1,0
1631,261,51,80,5,4.8,4,20,1,1,2,0,0,1,0
1632,599,42,208,17,4.35,8,2,4,3.5,4,0,1,1,1
1633,568,7,85,6,4.6,4,90,1,1,2,0,0,1,0
1634,798,1,170,8,3.55,4,3,1,1.5,1,0,1,1,0
1635,1133,43,74,155,4.9,2,2,1,1,1,1,1,1,1
1636,182,52,210,114,4.65,6,2,3,2,3,0,0,1,1
1637,584,0,53,67,4.9,2,2,1,1,1,1,0,0,0
1638,782,2,111,2,5,2,3,1,2,1,0,0,0,0
1639,443,54,106,1,1,2,2,1,1,1,1,1,1,0
1640,513,54,112,11,4.2,4,2,1,1,2,1,1,1,0
1641,260,90,102,45,4.85,2,2,1,1,2,1,1,1,1
1642,921,29,59,68,4.2,2,1,1,1,1,0,1,1,1
1643,436,70,130,107,4.8,4,3,1,1,2,1,0,1,0
1644,468,2,264,30,4.45,6,7,2,2.5,3,0,0,1,0
1645,913,12,141,67,4.75,6,3,2,2,3,0,1,1,0
1646,173,59,150,11,5,6,2,2,2,4,1,1,1,0
1647,335,54,133,1,5,6,2,2,2,4,1,1,1,0
1648,543,90,120,330,4.85,2,1,1,1,2,1,1,1,1
1649,271,35,131,74,4.75,4,3,1,1,1,0,1,1,0
1650,584,1,3500,2,0,3,1,3,2,2,0,0,0,0
1651,793,71,129,108,4.9,12,4,4,2,4,1,0,1,1
1652,179,34,61,124,4.6,2,1,1,1,1,0,1,1,1
1653,919,56,90,34,4.8,4,3,1,1,3,1,1,1,1
1654,878,9,138,14,4.45,6,2,2,2,3,0,1,1,1
1655,447,7,450,1,0,4,10,1,1,2,0,0,1,1
1656,93,38,135,88,4.95,4,3,1,1,2,1,1,1,1
1657,547,27,49,54,4.25,3,4,2,1,2,0,0,1,1
1658,857,54,112,10,4.9,4,2,1,1,2,1,1,1,0
1659,361,90,47,14,4.65,1,30,1,1,1,0,1,1,0
1660,214,44,185,5,4,6,30,3,3,3,0,1,1,0
1661,973,1,100,6,5,3,7,1,1,1,0,0,1,0
1662,149,35,90,13,4.85,5,7,2,2,4,1,1,1,0
1663,868,3,119,20,4.8,4,6,2,1,2,1,1,1,0
1664,533,7,59,145,4.85,4,5,1,1,1,1,1,1,1
1665,55,46,13,93,4.55,1,1,1,2,1,0,1,0,1
1666,787,89,69,164,4.55,4,1,2,1,3,0,0,1,1
1667,455,0,43,4,3.75,1,3,1,1,1,0,0,0,0
1668,631,54,118,2,5,4,2,1,1,2,1,1,1,0
1669,961,21,56,225,4.75,3,2,1,1,2,0,0,1,0
1670,570,41,230,71,4.5,14,3,4,3,8,0,0,1,1
1671,717,35,38,126,4.95,1,1,1,1,1,1,1,0,0
1672,990,0,32,2,3,1,1,1,1,1,0,0,0,0
1673,115,35,81,148,4.8,4,2,1,1.5,2,0,1,1,1
1674,1146,0,90,38,4.95,2,3,1,1,1,1,1,0,0
1675,3,54,133,7,4.85,6,2,2,2,4,1,1,1,0
1676,125,0,89,44,4.75,2,5,1,1,1,0,1,1,0
1677,350,9,47,31,4.65,2,3,1,1,1,0,0,0,0
1678,910,0,81,97,4.7,4,1,1,1,1,0,1,1,0
1679,33,16,239,13,4.85,5,5,2,2,3,0,0,1,0
1680,1149,6,66,23,4.5,2,1,1,1,0,0,1,1,0
1681,53,7,68,1,0,3,120,1,1,2,0,0,1,0
1682,479,53,289,121,5,9,3,3,2,5,1,0,1,1
1683,117,31,105,52,4.65,4,3,1,1,4,0,0,1,1
1684,248,90,189,31,4.7,6,2,2,2,3,0,1,1,0
1685,476,16,80,398,4.85,2,1,1,1,1,1,1,0,1
1686,320,0,75,88,4.75,2,2,1,1,1,0,1,1,1
1687,847,12,129,62,4.4,6,3,2,2,3,0,1,1,0
1688,703,0,76,50,4.55,2,5,1,1,1,0,1,1,0
1689,53,0,399,39,5,4,3,2,2,3,0,1,1,0
1690,67,21,96,82,4.8,6,3,2,1,3,1,1,1,0
1691,423,5,95,114,4.75,4,2,2,1,2,1,0,1,0
1692,589,0,74,16,4.65,2,1,2,1,1,1,1,0,0
1693,846,15,64,67,4.9,5,1,2,1,2,1,1,1,0
1694,258,6,112,15,4.75,4,4,1,1,2,0,1,0,0
1695,198,36,75,33,4.4,4,4,1,1,2,0,1,1,0
1696,947,10,80,116,4.95,2,3,1,1,1,1,1,1,0
1697,862,56,364,6,5,10,3,4,3,5,0,1,1,0
1698,918,75,70,85,5,4,2,2,1,3,1,1,0,1
1699,192,73,211,105,4.85,7,3,3,2,4,1,1,1,1
1700,699,16,75,26,4.7,3,1,1,1.5,1,0,0,1,0
1701,1006,2,132,9,5,4,4,1,1,2,0,1,0,0
1702,778,67,59,152,4.8,2,30,1,1,2,1,0,1,0
1703,739,32,46,174,4.8,2,3,1,1,1,1,1,1,0
1704,258,75,46,98,4.85,2,3,1,1,1,1,0,0,0
1705,1037,58,35,27,4.75,2,5,1,1,2,0,0,0,0
1706,545,37,100,79,4.9,4,1,2,1,2,1,1,1,1
1707,158,3,61,320,4.8,2,1,1,1,2,1,1,0,1
1708,765,89,229,73,4.8,7,1,3,2,6,1,1,1,0
1709,728,90,103,10,3.65,4,2,1,1,4,0,1,1,1
1710,876,50,135,63,4.9,4,4,2,1,2,1,0,1,0
1711,612,90,395,37,4.85,10,4,5,2,7,1,1,1,0
1712,453,90,62,88,4.95,3,2,1,1,1,1,0,1,1
1713,612,57,51,56,4.1,2,1,1,1,1,0,1,1,1
1714,945,15,349,42,4.75,12,1,4,4,4,0,1,1,1
1715,257,31,145,1,5,2,3,1,1,1,0,1,1,1
1716,567,27,600,4,5,6,7,3,3,3,1,1,1,0
1717,812,23,200,5,4.2,8,3,3,2.5,4,0,1,1,0
1718,913,51,90,232,4.95,4,1,1,1,2,1,0,1,1
1719,273,56,299,111,4.7,16,1,5,3,5,0,1,1,1
1720,258,58,625,2,4,6,6,3,2,4,0,1,1,1
1721,1076,37,98,5,5,4,4,1,1,2,0,1,1,1
1722,214,2,79,13,4.6,2,2,1,1,1,0,1,0,0
1723,210,2,199,5,4.2,6,3,2,2,3,0,1,1,0
1724,522,2,199,6,4.65,6,2,2,2,3,0,1,1,0
1725,211,28,255,64,4.95,14,3,5,3,10,1,1,1,0
1726,188,63,252,91,5,6,4,2,2,3,1,1,1,0
1727,536,67,50,7,5,4,7,1,2,1,0,1,1,0
1728,762,16,41,127,4.7,2,2,1,1,1,0,1,1,1
1729,262,27,247,7,4.45,6,3,2,2,3,0,1,1,1
1730,455,5,220,44,4.8,6,2,2,2,3,0,1,1,0
1731,913,90,55,5,3,2,90,1,1,1,0,1,1,0
1732,872,50,238,16,5,6,3,2,2,5,1,1,1,1
1733,1067,11,34,50,4.95,1,3,1,1,1,1,1,0,1
1734,168,67,120,80,4.75,6,1,3,2.5,3,1,1,1,1
1735,634,49,249,79,4.95,4,5,2,2,2,1,0,1,0
1736,892,2,58,8,5,2,1,1,1,1,0,0,0,0
1737,817,90,190,3,3.35,6,3,2,2,3,0,1,1,0
1738,889,25,45,75,4.85,2,2,1,1,1,0,1,0,0
1739,49,4,35,25,4.7,1,1,1,1,1,0,0,0,0
1740,203,43,90,18,4.85,2,7,1,1,1,1,1,1,0
1741,271,75,218,58,4.8,10,4,5,3,6,0,0,1,1
1742,550,2,160,10,5,2,5,1,2,1,0,0,1,0
1743,9,90,67,12,4.25,3,1,1,1,2,0,1,1,0
1744,261,34,58,127,4.9,4,2,1,1,1,1,0,1,0
1745,75,39,249,38,4.65,8,4,4,2,5,1,0,1,0
1746,442,77,110,34,4.9,4,5,1,1,2,1,1,1,0
1747,312,27,35,199,4.7,1,30,1,1,1,0,1,1,0
1748,258,0,36,33,4.85,2,3,1,1,1,1,1,0,0
1749,227,24,75,31,5,2,30,1,1,2,0,1,1,0
1750,81,1,70,1,5,2,15,1,1,1,0,0,0,0
1751,1088,90,51,95,4.75,2,1,1,1,1,0,1,0,1
1752,440,89,317,22,4.75,10,3,4,2,5,1,1,0,0
1753,994,13,75,4,4.75,2,7,1,1,1,0,0,1,1
1754,248,25,29,52,4.75,2,1,1,1,1,1,1,0,1
1755,770,0,82,28,4.45,2,2,1,1,2,0,1,0,1
1756,1132,39,203,48,4.8,6,4,2,2,3,1,1,1,1
1757,500,58,76,146,4.3,5,1,1,1,0,0,0,0,1
1758,780,0,3428,17,4.9,16,3,7,4,9,1,1,1,0
1759,631,90,65,24,4.65,3,1,1,1,2,0,1,1,0
1760,757,26,176,125,4.9,8,4,3,1,3,1,0,1,0
1761,234,90,42,51,4.9,3,2,1,1,2,1,1,0,1
1762,1000,53,248,89,4.75,16,4,4,3,10,1,1,1,1
1763,525,39,94,56,4.95,2,1,1,1,2,1,1,1,1
1764,909,32,481,62,4.95,4,3,2,2,3,0,1,1,0
1765,1057,20,158,54,4.75,4,4,2,1,2,0,1,1,0
1766,809,24,320,86,4.85,9,3,4,3,5,1,1,1,1
1767,542,90,48,128,4.95,2,1,1,1,1,1,0,0,1
1768,674,0,199,17,4.65,6,3,2,2,3,0,1,0,0
1769,186,8,400,11,5,8,5,3,2.5,4,0,1,1,1
1770,838,0,92,96,4.55,4,2,1,1,2,0,1,1,0
1771,381,0,89,78,4.55,4,2,1,1,2,0,1,1,0
1772,554,0,45,5,4.4,2,14,1,1,0,0,1,0,0
1773,4,0,131,51,4.8,4,3,1,1,2,1,1,1,1
1774,913,62,25,12,4.5,2,1,1,1,1,0,1,0,0
1775,348,87,30,11,4.9,1,30,1,1,1,1,1,1,0
1776,1,61,30,11,4.8,1,30,1,1,1,1,1,1,0
1777,391,57,446,59,4.9,10,3,4,3,5,1,1,1,0
1778,888,39,70,38,4.9,6,4,2,2,3,1,1,1,0
1779,974,1,150,18,4.05,5,2,1,2,2,0,0,1,0
1780,552,11,80,294,4.7,7,1,3,2,4,0,1,1,0
1781,10,16,134,24,5,5,4,2,1,2,1,1,1,1
1782,829,36,51,241,4.9,2,1,1,1,1,1,1,1,0
1783,1111,45,100,7,4.45,6,30,2,2,3,0,0,1,0
1784,1146,40,22,11,5,1,3,1,1,1,0,1,0,0
1785,64,0,53,49,4.65,4,1,1,1,2,0,1,1,0
1786,121,90,79,60,4.4,4,3,1,1,1,0,1,1,1
1787,353,36,270,56,4.7,6,2,3,3,4,0,1,1,1
1788,1053,28,146,141,4.85,6,2,2,2,2,1,1,1,1
1789,1071,13,57,129,4.85,2,3,1,1,0,1,1,1,1
1790,974,68,368,120,4.95,8,3,3,3,4,1,1,1,0
1791,298,20,125,71,4.9,4,3,1,1,1,1,1,1,1
1792,129,14,100,44,4.65,4,7,1,1,2,0,0,1,0
1793,1052,31,199,9,4.9,6,2,2,2,4,1,1,1,1
1794,365,1,66,5,4.2,2,1,1,1.5,1,0,0,0,0
1795,1033,77,499,26,4.95,6,6,4,3,6,1,1,1,1
1796,1128,17,120,9,5,2,5,1,1,4,1,0,1,0
1797,260,61,118,5,5,4,1,2,2,3,0,1,1,0
1798,828,0,35,79,4.6,1,1,1,1,1,0,1,0,1
1799,618,54,318,60,5,6,3,3,2.5,4,0,1,1,0
1800,572,72,185,55,4.75,4,5,1,1,2,0,0,1,0
1801,904,20,190,24,4.9,4,3,1,1,2,0,1,1,0
1802,82,40,30,12,4.4,2,1,1,1,1,0,1,0,0
1803,403,22,26,37,4.7,1,1,1,1,1,0,0,0,0
1804,93,20,183,27,4.85,3,3,1,1,1,0,1,1,0
1805,949,10,59,43,4.6,6,2,1,1,2,0,1,1,0
1806,875,83,95,10,4.8,6,2,3,2,3,1,0,1,0
1807,409,17,49,29,4.9,1,2,1,1,1,1,1,0,0
1808,771,21,325,101,4.85,10,3,4,2,5,1,1,1,0
1809,573,22,286,22,5,6,3,3,2,3,1,1,1,0
1810,66,45,446,30,4.5,10,3,5,3.5,5,0,0,1,0
1811,820,45,155,124,4.95,4,3,2,2,3,1,1,1,1
1812,824,10,83,131,4.75,5,1,1,1,3,0,1,1,1
1813,248,8,70,81,5,4,3,1,1,1,1,1,1,1
1814,557,90,58,31,4.55,2,5,1,1,1,0,1,1,0
1815,86,90,82,101,4.8,6,1,2,1,3,0,0,1,0
1816,280,66,339,27,4.95,8,6,4,2,4,1,1,1,0
1817,400,5,70,86,4.95,4,2,1,1,1,1,1,1,1
1818,455,89,528,30,4.9,8,4,4,3.5,4,1,0,1,0
1819,499,36,69,82,4.8,4,2,1,1,2,1,1,1,1
1820,701,28,100,9,4.2,4,3,1,1,2,0,1,1,0
1821,57,28,90,6,4.15,5,3,1,1.5,3,0,1,1,0
1822,156,53,328,37,4.7,10,4,5,2,7,1,1,1,0
1823,740,6,64,94,4.9,4,3,1,1,1,1,1,1,1
1824,529,44,318,14,4.65,10,1,5,2,8,1,1,1,0
1825,75,38,235,13,4.35,6,3,2,2,4,0,1,1,0
1826,953,58,79,123,4.8,4,2,1,1,2,0,1,1,1
1827,830,84,436,128,4.85,8,1,3,2,4,1,1,1,0
1828,21,90,81,67,4.7,4,2,1,1,1,0,1,1,1
1829,630,67,70,87,4.9,4,3,1,1,1,1,1,1,1
1830,934,6,193,9,4.65,2,3,1,1,2,0,1,1,1
1831,148,60,169,58,4.7,5,3,2,1,2,0,0,1,0
1832,534,3,110,12,4.35,4,30,1,1,2,0,0,1,0
1833,842,90,112,14,4.8,5,1,1,1,3,0,0,1,0
1834,771,47,170,18,4.8,6,4,3,2.5,3,0,0,1,1
1835,528,66,211,52,4.9,6,4,3,2,3,1,1,1,0
1836,1116,90,45,40,4.65,2,1,1,1,1,0,0,0,0
1837,447,86,90,59,4.75,4,4,1,1,2,0,1,1,1
1838,68,90,135,5,4.8,4,120,2,1.5,2,1,1,1,0
1839,1072,0,83,31,4.1,3,1,1,1,2,0,1,1,0
1840,423,62,45,205,4.9,4,1,1,1,2,1,0,1,0
1841,529,12,81,81,4.75,3,1,1,1,1,1,1,1,0
1842,277,0,229,9,4.45,3,3,1,1,1,0,1,1,0
1843,284,90,110,19,5,5,3,2,2,3,0,0,1,0
1844,971,8,38,58,4.75,2,2,1,1,3,1,1,0,0
1845,463,90,58,28,4.8,2,4,1,1,2,0,0,1,1
1846,455,90,65,62,4.8,2,4,1,1,2,1,0,1,0
1847,527,8,45,50,4.85,1,3,1,1,1,0,0,0,1
1848,591,0,60,54,4.85,2,1,1,1,1,1,1,0,0
1849,367,13,69,35,4.7,4,3,1,1,1,1,1,1,0
1850,840,39,180,10,5,4,2,1,1,2,0,0,1,0
1851,735,77,299,20,5,6,2,2,2,3,0,1,1,0
1852,309,0,78,42,4.7,2,5,1,1,1,0,1,1,0
1853,209,26,150,124,4.85,8,3,3,2,3,1,1,1,0
1854,1031,48,411,79,4.95,10,4,5,5,7,1,1,1,0
1855,845,44,77,172,4.95,2,2,2,1,2,1,0,0,1
1856,726,15,108,127,4.95,2,1,1,1,1,1,1,1,1
1857,258,5,126,68,4.9,2,1,1,1,2,1,1,1,1
1858,22,1,40,30,4.85,2,3,1,1,1,1,1,0,0
1859,719,62,250,15,5,2,7,1,1,1,1,1,1,0
1860,956,79,246,21,4.9,4,5,2,2,3,1,1,1,0
1861,311,71,94,30,4.85,4,5,1,1,2,0,1,1,1
1862,632,10,103,95,4.8,3,1,1,1,1,1,1,1,1
1863,132,3,78,90,4.9,3,1,1,1,1,1,1,1,0
1864,1057,90,100,4,4.75,4,14,1,1,2,0,0,1,0
1865,258,33,108,160,4.95,2,1,1,1,1,1,1,1,1
1866,201,36,160,39,4.85,6,1,2,2,5,0,1,1,1
1867,777,0,108,17,4.55,2,2,1,1,1,0,1,1,1
1868,1067,0,82,31,4.15,2,2,1,1,2,0,1,1,1
1869,1003,4,84,71,4.85,4,2,1,1,6,1,0,1,1
1870,268,90,99,45,4.95,4,3,2,1,4,1,1,1,0
1871,592,5,72,12,4.4,2,1,1,1,2,0,1,1,1
1872,391,11,94,77,4.85,3,1,1,1,1,1,1,1,1
1873,992,25,88,24,4.75,2,2,1,1,2,0,1,1,1
1874,891,0,100,1,4,3,7,1,1,2,0,1,1,0
1875,530,67,649,3,5,6,3,2,2,3,1,1,1,1
1876,887,5,165,9,3.7,5,2,2,2,3,0,1,1,0
1877,833,6,95,1,5,4,7,1,1,1,0,1,0,0
1878,332,15,96,72,4.55,4,2,1,1,3,0,1,1,0
1879,352,61,89,26,4.85,2,1,1,1,1,0,1,1,0
1880,163,7,35,2,5,1,180,1,1,1,0,1,0,0
1881,994,0,79,52,4.85,2,5,1,1,1,0,1,1,0
1882,258,20,75,87,4.8,3,1,1,1,2,0,1,1,1
1883,212,78,100,9,5,4,7,1,1,2,1,0,1,0
1884,104,8,87,60,4.8,3,1,1,1,1,1,1,1,0
1885,475,16,128,79,4.7,6,1,3,2.5,4,1,0,1,0
1886,926,6,112,42,4.65,2,2,1,1,1,0,1,1,1
1887,423,0,82,23,4.65,2,2,1,1,2,0,1,0,1
1888,258,0,499,11,4.7,6,3,1,2.5,2,0,0,0,0
1889,880,9,108,15,4.75,2,2,1,1,1,0,1,1,1
1890,182,90,118,18,4.9,2,2,1,3.5,2,0,0,0,0
1891,528,0,82,29,4.75,2,2,1,1,2,0,1,0,1
1892,631,29,108,153,4.95,2,1,1,1,1,1,1,1,1
1893,728,30,132,18,4.6,2,2,1,1,1,0,1,1,1
1894,112,30,102,21,4.5,2,2,1,1,2,0,1,1,1
1895,801,90,69,31,4.6,4,2,1,1,3,0,1,1,1
1896,83,6,499,27,5,10,5,3,2.5,5,0,1,1,0
1897,49,90,159,91,4.9,4,3,1,1,2,1,1,1,0
1898,446,6,310,16,4.9,6,6,2,2,3,1,0,0,0
1899,1024,24,79,9,4.2,4,3,2,2,2,0,1,1,0
1900,573,1,145,2,3,4,6,1,1.5,1,0,1,0,0
1901,426,0,14,30,4.75,5,1,1,1,0,0,1,0,0
1902,393,41,121,124,4.75,4,2,2,1,2,1,1,1,0
1903,223,4,74,83,4.75,3,1,1,1,1,1,1,1,1
1904,259,89,81,176,4.85,4,2,1,1,1,1,1,1,0
1905,97,25,90,7,5,4,1,1,1.5,3,0,1,1,0
1906,254,1,47,74,4.85,2,3,1,1,1,1,1,0,0
1907,271,36,265,8,4.9,6,5,2,2,5,0,0,1,0
1908,654,36,59,137,4.9,2,3,1,1,1,1,1,1,0
1909,1138,90,112,68,4.8,7,1,3,1,5,0,0,1,0
1910,77,9,96,112,4.8,3,1,1,1,2,1,1,1,0
1911,565,66,125,23,4.7,6,3,2,2,3,0,1,1,0
1912,225,67,40,124,4.8,1,2,1,1,1,0,1,0,1
1913,258,17,342,63,4.8,14,2,5,3,7,1,0,1,0
1914,276,0,50,2,5,2,2,1,1,0,0,0,0,0
1915,735,3,120,30,4.55,3,2,1,1,1,0,1,1,1
1916,131,0,63,46,4.7,3,2,1,1,2,0,1,0,0
1917,330,45,107,28,4.75,4,3,2,1.5,4,1,1,1,0
1918,354,49,57,151,4.85,2,3,1,1,1,1,1,1,0
1919,552,0,407,1,0,6,8,2,2,3,0,1,1,0
1920,840,9,300,30,5,6,4,2,1,4,1,1,1,1
1921,1058,68,50,155,4.8,2,2,1,1,1,0,0,0,1
1922,559,25,39,21,5,2,2,1,1,1,1,1,0,1
1923,84,6,33,61,4.65,2,2,1,3,2,0,1,0,0
1924,624,20,350,36,4.8,12,2,4,2,8,0,0,1,0
1925,69,89,85,62,4.75,4,2,1,1,2,0,1,1,0
1926,879,3,38,77,4.75,2,2,1,3,1,0,1,0,0
1927,397,8,99,77,4.75,6,7,1,1.5,3,0,1,1,1
1928,182,3,39,104,4.6,2,2,1,3,2,0,1,0,0
1929,657,0,47,70,4.8,2,2,1,3,1,0,1,0,1
1930,466,52,336,19,4.95,8,3,3,3.5,6,1,0,1,0
1931,584,35,37,63,4.85,2,2,1,1,1,0,0,0,0
1932,554,90,75,16,4.8,2,30,1,1,1,1,1,1,0
1933,1065,90,139,45,4.95,8,3,3,2,5,1,0,1,1
1934,516,36,79,103,4.9,4,2,1,1,2,1,1,1,1
1935,679,16,77,100,4.9,4,2,1,1,2,1,1,1,1
1936,1020,1,85,39,4.95,2,3,1,1,1,1,1,0,0
1937,416,89,49,92,4.9,2,3,1,1,2,1,1,1,0
1938,468,3,365,92,4.65,11,3,3,2,6,0,1,1,1
1939,965,67,60,50,4.7,2,2,1,1,1,0,1,1,0
1940,291,0,57,55,4.95,2,2,1,1,1,1,0,0,1
1941,942,17,149,47,4.9,5,2,2,2,2,0,1,1,1
1942,400,44,530,32,4.9,2,3,1,1,2,1,1,1,1
1943,294,66,99,27,4.6,4,2,1,1,2,0,1,1,0
1944,610,0,116,20,4.75,2,2,1,1,1,0,0,1,0
1945,509,10,84,118,4.65,5,1,1,1,2,0,1,1,1
1946,424,9,89,141,4.65,5,1,1,1,3,0,1,1,1
1947,25,5,54,137,4.7,3,1,1,1,2,0,1,1,1
1948,775,72,175,53,5,6,3,3,2,4,1,0,1,0
1949,178,48,360,2,4.5,8,5,4,2.5,5,0,1,1,0
1950,455,2,220,5,4,4,2,1,1,2,0,1,1,1
1951,723,15,52,74,4.9,4,3,1,1,1,1,1,1,1
1952,1155,31,300,26,4.7,6,31,3,3,3,0,0,1,0
1953,775,68,210,24,4.8,8,3,3,2,4,1,1,1,0
1954,681,2,116,71,5,2,2,1,1,1,1,0,0,0
1955,832,0,190,8,3.75,2,1,1,1.5,1,0,1,0,0
1956,305,90,75,5,5,2,30,1,1,1,1,1,0,0
1957,230,15,80,78,4.75,3,1,1,1,2,1,1,1,1
1958,775,10,161,67,4.75,8,4,4,1,4,0,0,1,1
1959,450,14,150,32,4.5,4,2,2,1,3,0,1,1,0
1960,59,35,249,16,4.95,9,5,4,2,5,1,1,1,0
1961,848,37,76,139,4.9,3,2,1,1,1,1,1,1,1
1962,376,8,139,49,4.8,4,5,2,1,2,0,1,1,0
1963,672,18,44,19,4.65,1,1,1,1,1,1,0,0,0
1964,290,71,252,60,5,6,4,3,2,3,1,1,1,0
1965,686,21,86,53,4.75,4,3,2,1,2,0,1,1,1
1966,256,29,113,101,4.8,5,1,3,2,5,1,1,1,0
1967,446,23,114,139,5,4,3,1,1.5,2,1,0,1,0
1968,119,13,150,87,4.9,5,2,1,1,1,0,1,1,1
1969,410,7,51,52,4.75,4,1,1,1,2,1,1,1,1
1970,733,10,120,142,4.75,2,2,1,1,1,0,1,1,1
1971,406,67,39,37,4.5,1,1,1,1,1,0,1,0,0
1972,238,20,83,81,5,4,1,1,1,2,1,1,1,1
1973,623,25,62,97,4.95,2,1,1,1,1,1,1,1,1
1974,936,27,228,6,5,4,2,1,1,2,0,1,1,1
1975,359,80,334,48,4.8,10,4,5,3,6,1,1,1,0
1976,394,0,45,25,5,2,1,1,1,1,0,0,0,0
1977,443,47,145,10,5,7,179,3,2,4,0,1,1,0
1978,414,2,110,21,4.85,2,5,1,1,2,0,0,1,0
1979,558,55,395,21,4.95,8,5,3,3,4,1,1,1,0
1980,551,27,200,100,4.75,6,2,3,2,4,0,0,1,0
1981,155,74,85,1,0,3,14,1,1,1,0,0,1,0
1982,376,21,55,365,4.85,2,1,1,1,1,1,0,1,1
1983,706,2,52,59,4.8,1,7,1,1,1,1,1,0,0
1984,873,90,70,24,4.4,2,30,1,1,1,0,1,1,0
1985,880,20,86,269,4.75,9,1,3,2,5,0,1,1,0
1986,603,16,40,61,4.8,1,2,1,1,1,0,1,0,1
1987,820,1,300,10,4.1,6,4,2,2,6,0,1,1,0
1988,774,90,168,78,4.9,6,3,2,1,3,1,1,1,0
1989,135,28,58,44,4.85,2,4,1,1,1,1,1,1,1
1990,851,90,35,58,4.5,1,1,1,1,1,0,1,0,0
1991,998,9,98,78,4.7,2,2,1,1,1,0,1,1,0
1992,36,1,120,9,4.75,2,1,1,1,0,0,0,0,0
1993,1083,49,234,92,4.9,4,2,1,1,0,1,1,1,1
1994,191,64,199,65,4.35,8,3,4,2,5,0,0,1,1
1995,303,0,40,47,4.85,2,4,1,1,1,1,1,0,0
1996,137,25,76,21,4.6,3,1,1,1,2,0,1,1,0
1997,1001,5,49,39,4.6,3,2,1,1,2,0,1,1,0
1998,930,0,284,50,4.6,12,2,3,2,3,0,1,1,0
1999,255,0,70,28,4.95,2,1,1,1,1,0,0,0,0
2000,1151,18,76,128,4.8,5,1,1,1,3,0,1,1,1
